Sample_ID,Sample_Longitude,Sample_Latitude,Mean_DO_mg_per_L,Mean_DO_percent_saturation,Mean_Temp_Deg_C,pH,Water_Depth_cm,Canopy_Cover,Macrophyte_Coverage,Algal_Mat_Coverage,del_15N_permil,del_13C_permil,NPOC_INC_mg_per_L_as_C,NPOC_Field_mg_per_L_as_C,Percent_Fine_Sand,Percent_Med_Sand,Percent_Coarse_Sand,Percent_Tot_Sand,Percent_Clay,Percent_Silt,Total_Bacteria_cells_per_gram,Total_Photorophs_cells_per_gram,Total_Heterotrophs_cells_per_gram,C_percent,N_percent,Intermittent_or_Perennial_-1hot-_Intermittent,Intermittent_or_Perennial_-1hot-_Perennial,General_Vegetation_-1hot-_Broadleaf deciduous tree,"General_Vegetation_-1hot-_Broadleaf deciduous tree, Grass","General_Vegetation_-1hot-_Broadleaf deciduous tree, Shrub",General_Vegetation_-1hot-_Broadleaf deciduous tree. Crop,General_Vegetation_-1hot-_Broadleaf deciduous tree. Grass,General_Vegetation_-1hot-_Broadleaf deciduous tree. Shrub,General_Vegetation_-1hot-_Broadleaf evergreen tree,"General_Vegetation_-1hot-_Broadleaf evergreen tree, Broadleaf deciduous tree","General_Vegetation_-1hot-_Broadleaf evergreen tree, Grass","General_Vegetation_-1hot-_Broadleaf evergreen tree, Shrub",General_Vegetation_-1hot-_Broadleaf evergreen tree. Broadleaf deciduous tree,General_Vegetation_-1hot-_Grass,"General_Vegetation_-1hot-_Needleleaf deciduous tree, Broadleaf deciduous tree","General_Vegetation_-1hot-_Needleleaf deciduous tree, Broadleaf evergreen tree","General_Vegetation_-1hot-_Needleleaf deciduous tree, Shrub",General_Vegetation_-1hot-_Needleleaf deciduous tree. Broadleaf deciduous tree,General_Vegetation_-1hot-_Needleleaf deciduous tree. Grass,General_Vegetation_-1hot-_Needleleaf evergreen tree,"General_Vegetation_-1hot-_Needleleaf evergreen tree, Broadleaf deciduous tree","General_Vegetation_-1hot-_Needleleaf evergreen tree, Grass","General_Vegetation_-1hot-_Needleleaf evergreen tree, Needleleaf deciduous tree","General_Vegetation_-1hot-_Needleleaf evergreen tree, Shrub",General_Vegetation_-1hot-_Needleleaf evergreen tree. Broadleaf deciduous tree,General_Vegetation_-1hot-_Needleleaf evergreen tree. Broadleaf evergreen tree,General_Vegetation_-1hot-_Needleleaf evergreen tree. Grass,General_Vegetation_-1hot-_Needleleaf evergreen tree. Shrub,General_Vegetation_-1hot-_Shrub,"General_Vegetation_-1hot-_Shrub, Grass",General_Vegetation_-1hot-_Shrub. Grass,Hydrogeomorphology_-1hot-_Multi-channel,Hydrogeomorphology_-1hot-_Multi-channel/Braided,Hydrogeomorphology_-1hot-_Single-channel meandering,Hydrogeomorphology_-1hot-_Single-channel straight,"River_Gradient_-1hot-_Relatively flat/gentle gradient (e.g. valleys)","River_Gradient_-1hot-_Relatively steep gradient (e.g. mountainous or hilly terrain)",MiniDot_Sediment_-1hot-_Bedrock (primarily),MiniDot_Sediment_-1hot-_Gravel/cobble (>2mm),MiniDot_Sediment_-1hot-_Sand,MiniDot_Sediment_-1hot-_Silt/mud (<0.0625mm),Depositional_Type_-1hot-_Downstream from obstacles,Depositional_Type_-1hot-_Downstream of small tributary,Depositional_Type_-1hot-_Inside bend of a stream,Depositional_Type_-1hot-_Marsh,Depositional_Type_-1hot-_Pool lip,Depositional_Type_-1hot-_Riffle,Depositional_Type_-1hot-_Shallow waters near the shore,Depositional_Type_-1hot-_Upstream of weir barrier deposition,Depositional_Type_-1hot-_run edge,Normalized_Respiration_Rate_mg_DO_per_H_per_L_sediment
S19S_0006-D,-76.717163,39.311369,NaN,NaN,25.7,7.5,6.0,3.0,1.0,2.0,1.77,-12.09,4.27,5.96,10.7,15.9,66.5,93.1,3.8,3.1,887000000.0,12900000.0,874000000.0,0.35,0.08,0,1,0,0,0,0,0,1,0,0,0,0,0,0,0,0,0,0,0,0,0,0,0,0,0,0,0,0,0,0,0,0,0,1,0,1,0,0,1,0,0,0,0,0,0,0,0,1,0,0,-1575.97
S19S_0006-M,-76.717316,39.31162,NaN,NaN,25.7,7.5,10.0,1.0,1.0,2.0,6.34,-15.98,4.54,5.27,7.8,7.4,75.9,91.1,8.9,0.0,1070000000.0,5350000.0,1070000000.0,0.96,0.1,0,1,0,0,0,0,0,1,0,0,0,0,0,0,0,0,0,0,0,0,0,0,0,0,0,0,0,0,0,0,0,0,0,1,0,1,0,0,1,0,0,0,0,1,0,0,0,0,0,0,-3.28
S19S_0006-U,-76.717476,39.311813,NaN,NaN,25.7,7.5,17.0,1.0,1.0,2.0,6.68,-16.7,5.62,9.24,15.6,56.2,18.6,90.4,9.6,0.0,1320000000.0,37600000.0,1280000000.0,0.86,0.14,0,1,0,0,0,0,0,1,0,0,0,0,0,0,0,0,0,0,0,0,0,0,0,0,0,0,0,0,0,0,0,0,0,1,0,1,0,0,1,0,0,0,0,0,0,1,0,0,0,0,-47.48
S19S_0007-D,-119.195598,37.05255,NaN,NaN,11.2,6.5,4.0,4.0,2.0,1.0,0.32,-27.68,15.08,69.56,20.1,23.0,45.9,89.0,11.0,0.0,1680000000.0,86600000.0,1590000000.0,1.17,0.1,0,1,0,0,0,0,0,0,0,0,0,0,0,0,0,0,0,0,0,0,0,0,0,0,0,0,0,1,0,0,0,0,0,0,1,0,1,0,0,1,0,0,0,1,0,0,0,0,0,0,-10.36
S19S_0007-U,-119.195359,37.05229,NaN,NaN,11.2,6.5,3.0,4.0,2.0,1.0,3.93,-27.77,16.49,NaN,22.2,31.4,37.5,91.1,8.9,0.0,5740000000.0,129000000.0,5610000000.0,1.32,0.12,0,1,0,0,0,0,0,0,0,0,0,0,0,0,0,0,0,0,0,0,0,0,0,0,0,0,0,1,0,0,0,0,0,0,1,0,1,0,0,1,0,0,0,0,0,1,0,0,0,0,-16.41
S19S_0007-U,-119.195359,37.05229,NaN,NaN,11.2,6.5,3.0,4.0,2.0,1.0,3.93,-27.77,21.02,NaN,22.2,31.4,37.5,91.1,8.9,0.0,5740000000.0,129000000.0,5610000000.0,1.32,0.12,0,1,0,0,0,0,0,0,0,0,0,0,0,0,0,0,0,0,0,0,0,0,0,0,0,0,0,1,0,0,0,0,0,0,1,0,1,0,0,1,0,0,0,0,0,1,0,0,0,0,-16.41
S19S_0008-D,-119.027785,36.961112,4.62,41.1,12.6,6.5,12.0,1.0,2.0,1.0,-0.06,-25.88,18.12,21.39,7.6,14.2,74.2,96.0,4.0,0.0,3710000000.0,47200000.0,3660000000.0,0.27,0.11,0,1,0,0,0,0,0,0,0,0,0,0,0,0,0,0,0,0,0,0,0,0,0,0,0,0,0,1,0,0,0,0,0,0,1,0,1,0,0,1,0,0,0,0,0,0,0,1,0,0,-7.46
S19S_0008-D,-119.027785,36.961112,4.62,41.1,12.6,6.5,12.0,1.0,2.0,1.0,-0.06,-25.88,18.12,21.39,7.6,14.2,74.2,96.0,4.0,0.0,3710000000.0,47200000.0,3660000000.0,0.27,0.11,0,1,0,0,0,0,0,0,0,0,0,0,0,0,0,0,0,0,0,0,0,0,0,0,0,0,0,1,0,0,0,0,0,0,1,0,1,0,0,1,0,0,0,0,0,0,0,1,0,0,-7.46
S19S_0008-M,-119.028281,36.961369,4.62,41.1,12.6,6.5,22.0,2.0,2.0,1.0,3.73,-28.99,12.96,30.38,6.9,9.5,78.5,94.9,5.1,0.0,334000000.0,55700000.0,278000000.0,0.28,0.07,0,1,0,0,0,0,0,0,0,0,0,0,0,0,0,0,0,0,0,0,0,0,0,0,0,0,0,1,0,0,0,0,0,0,1,0,1,0,0,1,0,1,0,0,0,0,0,0,0,0,-10.64
S19S_0008-U,-119.028254,36.961273,4.62,41.1,12.6,6.5,6.0,2.0,2.0,1.0,0.1,-26.72,37.33,95.44,9.8,23.5,60.2,93.5,6.5,0.0,262000000.0,62200000.0,199000000.0,0.46,0.09,0,1,0,0,0,0,0,0,0,0,0,0,0,0,0,0,0,0,0,0,0,0,0,0,0,0,0,1,0,0,0,0,0,0,1,0,1,0,0,1,0,1,0,0,0,0,0,0,0,0,-15.32
S19S_0009-D,-108.3983,42.9877,NaN,NaN,25.6,8.0,13.0,1.0,1.0,2.0,5.59,-21.22,24.87,NaN,16.6,48.5,22.1,87.2,12.7,0.1,3730000000.0,87700000.0,3640000000.0,0.6,0.08,0,1,0,0,0,0,0,1,0,0,0,0,0,0,0,0,0,0,0,0,0,0,0,0,0,0,0,0,0,0,0,0,0,1,0,1,0,0,0,0,1,0,0,1,0,0,0,0,0,0,-37.43
S19S_0009-M,-108.3983,42.9876,NaN,NaN,25.6,8.0,8.0,1.0,1.0,2.0,-0.77,-23.1,8.79,9.27,13.8,40.6,37.3,91.7,8.3,0.0,NaN,NaN,NaN,0.36,0.1,0,1,0,0,0,0,0,1,0,0,0,0,0,0,0,0,0,0,0,0,0,0,0,0,0,0,0,0,0,0,0,0,0,1,0,1,0,0,0,0,1,0,0,1,0,0,0,0,0,0,-35.0
S19S_0009-U,-108.3982,42.9875,NaN,NaN,25.6,8.0,6.0,1.0,1.0,2.0,3.54,-20.6,12.14,11.85,22.1,46.2,18.6,86.9,11.2,1.9,3740000000.0,153000000.0,3590000000.0,0.51,0.11,0,1,0,0,0,0,0,1,0,0,0,0,0,0,0,0,0,0,0,0,0,0,0,0,0,0,0,0,0,0,0,0,0,1,0,1,0,0,0,0,1,0,0,1,0,0,0,0,0,0,-22.83
S19S_0010-D,-81.840062,31.667875,NaN,NaN,30.0,6.7,30.0,1.0,1.0,2.0,2.46,-29.24,7.1,10.82,3.3,4.8,88.8,96.9,3.1,0.0,1470000000.0,47000000.0,1420000000.0,0.21,0.08,0,1,0,0,0,0,0,0,0,0,0,0,0,0,0,0,0,0,0,1,0,0,0,0,0,0,0,0,0,0,0,0,0,1,0,1,0,0,0,0,1,0,0,0,0,0,0,1,0,0,-1.72
S19S_0010-M,-81.839976,31.667835,NaN,NaN,30.0,6.7,30.0,1.0,1.0,2.0,-4.5,-27.8,7.58,20.73,5.5,7.2,84.0,96.7,3.3,0.0,2310000000.0,53500000.0,2260000000.0,0.24,0.08,0,1,0,0,0,0,0,0,0,0,0,0,0,0,0,0,0,0,0,1,0,0,0,0,0,0,0,0,0,0,0,0,0,1,0,1,0,0,0,0,1,0,0,0,0,0,0,1,0,0,-3.09
S19S_0010-U,-81.8403,31.667905,NaN,NaN,30.0,6.7,30.0,1.0,1.0,2.0,7.4,-28.57,17.68,15.69,17.5,5.0,64.0,86.5,12.4,1.1,1760000000.0,35000000.0,1720000000.0,0.73,0.11,0,1,0,0,0,0,0,0,0,0,0,0,0,0,0,0,0,0,0,1,0,0,0,0,0,0,0,0,0,0,0,0,0,1,0,1,0,0,0,0,1,0,0,0,0,0,0,1,0,0,-21.96
S19S_0011-D,-83.437674,33.955686,NaN,NaN,24.0,6.7,100.0,1.0,1.0,1.0,8.9,-28.23,4.67,21.3,28.9,2.4,39.8,71.1,1.3,27.6,303000000.0,67600000.0,235000000.0,2.2,0.21,0,1,0,0,0,0,0,0,1,0,0,0,0,0,0,0,0,0,0,0,0,0,0,0,0,0,0,0,0,0,0,0,0,0,1,1,0,0,0,0,1,0,0,0,0,0,0,1,0,0,-240.66
S19S_0011-M,-83.438589,33.957827,NaN,NaN,24.0,6.7,100.0,1.0,1.0,1.0,8.21,-28.54,13.29,14.93,56.1,18.5,3.4,78.0,14.4,7.6,1430000000.0,168000000.0,1260000000.0,0.47,0.08,0,1,0,0,0,0,0,0,1,0,0,0,0,0,0,0,0,0,0,0,0,0,0,0,0,0,0,0,0,0,0,0,0,0,1,1,0,0,0,0,1,0,0,0,0,0,0,1,0,0,-2420.08
S19S_0011-U,-83.437673,33.95569,NaN,NaN,24.0,6.7,100.0,2.0,1.0,1.0,2.31,-27.91,14.3,21.27,59.5,24.5,1.1,85.1,11.3,3.6,756000000.0,109000000.0,647000000.0,0.63,0.1,0,1,0,0,0,0,0,0,1,0,0,0,0,0,0,0,0,0,0,0,0,0,0,0,0,0,0,0,0,0,0,0,0,0,1,1,0,0,0,0,1,0,0,0,0,0,0,1,0,0,-17.53
S19S_0012-D,-72.33027,42.47179,9.63,105.1,18.2,6.5,4.0,3.0,1.0,1.0,2.78,-35.65,18.5,11.5,6.3,6.9,83.4,96.6,0.0,3.4,143000000.0,27900000.0,115000000.0,0.41,0.09,0,1,1,0,0,0,0,0,0,0,0,0,0,0,0,0,0,0,0,0,0,0,0,0,0,0,0,0,0,0,0,0,0,0,1,1,0,0,1,0,0,1,0,0,0,0,0,0,0,0,-2.7
S19S_0012-M,-72.33038,42.47157,9.63,105.1,18.2,6.5,5.0,3.0,1.0,1.0,5.59,-28.52,14.58,13.44,3.0,35.2,54.8,93.0,7.0,0.0,554000000.0,30900000.0,523000000.0,0.51,0.05,0,1,1,0,0,0,0,0,0,0,0,0,0,0,0,0,0,0,0,0,0,0,0,0,0,0,0,0,0,0,0,0,0,0,1,1,0,0,1,0,0,0,0,0,0,0,0,1,0,0,-5.86
S19S_0012-U,-72.33105,42.47178,9.63,105.1,18.2,6.5,12.0,1.0,1.0,1.0,9.57,-28.62,10.86,9.45,NaN,NaN,NaN,NaN,NaN,NaN,138000000.0,16800000.0,121000000.0,0.24,0.04,0,1,1,0,0,0,0,0,0,0,0,0,0,0,0,0,0,0,0,0,0,0,0,0,0,0,0,0,0,0,0,0,0,0,1,1,0,0,1,0,0,1,0,0,0,0,0,0,0,0,-2.46
S19S_0013-D,-78.1476,38.8952,7.56,85.5,21.1,6.5,9.0,1.0,1.0,1.0,7.31,NaN,18.7,19.0,22.4,10.5,15.0,47.9,52.1,0.0,215000000.0,23100000.0,192000000.0,8.52,0.42,0,1,1,0,0,0,0,0,0,0,0,0,0,0,0,0,0,0,0,0,0,0,0,0,0,0,0,0,0,0,0,0,0,1,0,0,1,0,1,0,0,0,0,0,0,1,0,0,0,0,-2741.44
S19S_0013-M,-78.1474,38.8945,7.56,85.5,21.1,6.5,7.0,3.0,1.0,1.0,8.27,NaN,17.78,19.78,23.0,4.3,3.0,30.3,69.7,0.0,1030000000.0,34200000.0,993000000.0,10.21,0.53,0,1,1,0,0,0,0,0,0,0,0,0,0,0,0,0,0,0,0,0,0,0,0,0,0,0,0,0,0,0,0,0,0,1,0,0,1,0,1,0,0,0,0,0,0,0,0,1,0,0,-1806.3
S19S_0013-U,-78.1474,38.8944,7.56,85.5,21.1,6.5,3.0,4.0,1.0,1.0,9.71,NaN,11.67,16.73,26.8,2.5,2.3,31.6,65.4,3.0,870000000.0,240000000.0,630000000.0,9.62,0.56,0,1,1,0,0,0,0,0,0,0,0,0,0,0,0,0,0,0,0,0,0,0,0,0,0,0,0,0,0,0,0,0,0,1,0,0,1,0,1,0,0,0,0,0,0,0,0,1,0,0,-1788.7
S19S_0014-D,-77.9808,39.0941,9.6,100.9,18.8,7.5,9.0,3.0,1.0,2.0,12.6,-21.9,15.49,14.07,23.9,1.0,0.3,25.2,48.3,26.5,14400000000.0,18300000.0,14400000000.0,6.12,0.3,0,1,1,0,0,0,0,0,0,0,0,0,0,0,0,0,0,0,0,0,0,0,0,0,0,0,0,0,0,0,0,0,0,1,0,1,0,0,0,0,1,0,0,0,0,0,0,0,0,1,-1482.57
S19S_0014-M,-77.9812,39.0942,9.6,100.9,18.8,7.5,15.0,3.0,1.0,1.0,8.22,-21.01,13.89,12.25,34.0,3.1,3.2,40.3,44.2,15.5,368000000.0,54900000.0,313000000.0,5.55,0.24,0,1,1,0,0,0,0,0,0,0,0,0,0,0,0,0,0,0,0,0,0,0,0,0,0,0,0,0,0,0,0,0,0,1,0,1,0,0,0,0,1,0,0,0,0,0,0,1,0,0,-2738.74
S19S_0014-U,-77.9815,39.0944,9.6,100.9,18.8,7.5,14.0,3.0,1.0,1.0,10.87,-21.78,11.25,9.79,38.0,2.9,1.1,42.0,32.2,25.8,9840000000.0,1980000000.0,7870000000.0,6.46,0.29,0,1,1,0,0,0,0,0,0,0,0,0,0,0,0,0,0,0,0,0,0,0,0,0,0,0,0,0,0,0,0,0,0,1,0,1,0,0,0,0,1,0,0,0,0,1,0,0,0,0,-41.92
S19S_0015-D,-84.439009,31.184396,6.87,88.3,28.2,7.0,222.504,3.0,1.0,1.0,2.81,-28.66,11.21,26.63,34.5,58.0,1.1,93.6,0.0,6.4,3270000000.0,229000000.0,3040000000.0,0.49,0.09,0,1,0,0,0,0,0,0,0,0,0,0,0,0,0,0,0,1,0,0,0,0,0,0,0,0,0,0,0,0,0,0,0,1,0,1,0,0,0,1,0,0,0,0,0,0,0,1,0,0,-12.16
S19S_0015-M,-84.437802,31.184508,6.87,88.3,28.2,7.0,131.064,3.0,1.0,1.0,4.7,-26.3,10.93,12.35,4.2,87.6,6.6,98.4,1.6,0.0,1140000000.0,9670000.0,1130000000.0,0.13,0.06,0,1,0,0,0,0,0,0,0,0,0,0,0,0,0,0,0,1,0,0,0,0,0,0,0,0,0,0,0,0,0,0,0,1,0,1,0,0,0,1,0,0,0,0,0,0,0,1,0,0,-1.38
S19S_0015-U,-84.437254,31.185895,6.87,88.3,28.2,7.0,94.488,3.0,1.0,1.0,1.43,-28.39,10.59,10.74,19.2,75.5,2.7,97.4,2.6,0.0,4240000000.0,47700000.0,4190000000.0,0.17,0.08,0,1,0,0,0,0,0,0,0,0,0,0,0,0,0,0,0,1,0,0,0,0,0,0,0,0,0,0,0,0,0,0,0,1,0,1,0,0,0,1,0,0,0,0,0,0,0,1,0,0,-9.4
S19S_0016-D,-96.6025,39.10445,4.37,48.7,18.5,7.5,17.0,2.0,1.0,2.0,NaN,-5.6,5.72,6.38,18.4,16.2,15.9,50.5,20.6,28.9,15300000000.0,111000000.0,15200000000.0,4.7,0.13,1,0,0,0,0,0,1,0,0,0,0,0,0,0,0,0,0,0,0,0,0,0,0,0,0,0,0,0,0,0,0,0,0,1,0,1,0,0,1,0,0,0,0,0,0,1,0,0,0,0,-9.12
S19S_0016-M,-96.60286,39.10429,4.37,48.7,18.5,7.5,15.0,3.0,1.0,3.0,7.09,NaN,21.02,21.16,13.9,13.7,18.6,46.2,4.8,49.0,29700000.0,1170000.0,28500000.0,5.17,0.11,1,0,0,0,0,0,1,0,0,0,0,0,0,0,0,0,0,0,0,0,0,0,0,0,0,0,0,0,0,0,0,0,0,1,0,1,0,0,1,0,0,1,0,0,0,0,0,0,0,0,-1752.9
S19S_0016-U,-96.60276,39.10415,4.37,48.7,18.5,7.5,16.0,3.0,1.0,3.0,5.13,NaN,12.3,10.76,13.6,12.8,40.6,67.0,2.8,30.2,3320000000.0,119000000.0,3200000000.0,5.86,0.09,1,0,0,0,0,0,1,0,0,0,0,0,0,0,0,0,0,0,0,0,0,0,0,0,0,0,0,0,0,0,0,0,0,1,0,1,0,0,1,0,0,0,0,0,0,1,0,0,0,0,-20.06
S19S_0017-D,-96.44355,38.94668,7.3,85.4,20.7,7.5,14.0,2.0,1.0,2.0,4.81,-7.2,9.02,7.86,18.0,6.4,16.7,41.1,23.2,35.7,3350000000.0,64700000.0,3290000000.0,2.48,0.12,0,1,0,0,0,1,0,0,0,0,0,0,0,0,0,0,0,0,0,0,0,0,0,0,0,0,0,0,0,0,0,0,0,1,0,1,0,0,1,0,0,0,0,0,0,1,0,0,0,0,-42.8
S19S_0017-M,-96.44379,38.94667,7.3,85.4,20.7,7.5,18.5,2.0,1.0,2.0,-7.89,0.58,5.92,4.84,7.4,11.2,36.1,54.7,8.9,36.4,5420000000.0,132000000.0,5290000000.0,3.95,0.1,0,1,0,0,0,1,0,0,0,0,0,0,0,0,0,0,0,0,0,0,0,0,0,0,0,0,0,0,0,0,0,0,0,1,0,1,0,0,1,0,0,0,0,1,0,0,0,0,0,0,-3.18
S19S_0017-U,-96.44389,38.94684,7.3,85.4,20.7,7.5,5.0,4.0,1.0,2.0,4.57,-5.12,6.19,4.33,12.1,14.5,20.7,47.3,23.5,29.2,2690000000.0,56300000.0,2640000000.0,2.94,0.12,0,1,0,0,0,1,0,0,0,0,0,0,0,0,0,0,0,0,0,0,0,0,0,0,0,0,0,0,0,0,0,0,0,1,0,1,0,0,1,0,0,0,0,0,0,0,0,1,0,0,-13.09
S19S_0018-D,-83.504941,35.6922935,9.8,103.2,18.3,6.5,15.0,3.0,1.0,1.0,2.03,-28.0,11.64,11.1,10.1,14.3,66.4,90.8,9.2,0.0,475000000.0,681000.0,474000000.0,0.69,0.1,0,1,0,0,0,0,0,0,0,0,0,0,0,0,0,0,0,0,0,0,0,0,0,0,1,0,0,0,0,0,0,0,0,0,1,0,1,0,1,0,0,0,0,0,0,1,0,0,0,0,-4.62
S19S_0018-M,-83.5044488,35.692083,9.8,103.2,18.3,6.5,26.0,3.0,1.0,1.0,5.63,-26.74,14.59,15.31,8.0,11.6,65.2,84.8,15.2,0.0,1810000000.0,46900000.0,1760000000.0,0.47,0.09,0,1,0,0,0,0,0,0,0,0,0,0,0,0,0,0,0,0,0,0,0,0,0,0,1,0,0,0,0,0,0,0,0,0,1,0,1,0,1,0,0,0,0,0,0,1,0,0,0,0,-1.45
S19S_0018-U,-83.5041467,35.6918387,9.8,103.2,18.3,6.5,9.0,3.0,1.0,1.0,2.97,-28.18,17.01,17.34,21.3,16.0,52.1,89.4,10.6,0.0,915000000.0,16100000.0,898000000.0,2.58,0.18,0,1,0,0,0,0,0,0,0,0,0,0,0,0,0,0,0,0,0,0,0,0,0,0,1,0,0,0,0,0,0,0,0,0,1,0,1,0,1,0,0,0,0,0,0,0,0,1,0,0,-8.99
S19S_0019-D,-84.278999,35.9563807,11.46,121.9,18.3,8.0,6.0,4.0,2.0,1.0,0.5,-28.62,5.73,9.92,9.1,29.1,50.0,88.2,11.8,0.0,4410000000.0,177000000.0,4230000000.0,0.34,0.08,0,1,1,0,0,0,0,0,0,0,0,0,0,0,0,0,0,0,0,0,0,0,0,0,0,0,0,0,0,0,0,0,0,0,1,1,0,0,1,0,0,0,0,0,0,0,0,1,0,0,-4.6
S19S_0019-M,-84.2789099,35.956601,11.46,121.9,18.3,8.0,8.0,3.0,2.0,1.0,4.96,-28.78,12.98,13.1,11.7,19.5,55.8,87.0,0.0,13.0,166000000.0,11900000.0,154000000.0,1.04,0.11,0,1,1,0,0,0,0,0,0,0,0,0,0,0,0,0,0,0,0,0,0,0,0,0,0,0,0,0,0,0,0,0,0,0,1,1,0,0,1,0,0,0,0,0,0,0,0,1,0,0,-36.16
S19S_0019-U,-84.2786976,35.9572803,11.46,121.9,18.3,8.0,12.0,3.0,1.0,2.0,5.93,-29.14,9.8,8.67,4.9,8.4,75.3,88.6,2.1,9.3,59700000.0,5300000.0,54400000.0,0.51,0.12,0,1,1,0,0,0,0,0,0,0,0,0,0,0,0,0,0,0,0,0,0,0,0,0,0,0,0,0,0,0,0,0,0,0,1,1,0,0,1,0,0,0,0,0,0,1,0,0,0,0,-11.18
S19S_0020-D,-88.15755,31.85294,6.61,93.4,30.5,7.5,30.5,1.0,1.0,1.0,-3.58,-28.07,30.84,5.49,38.3,52.6,0.6,91.5,6.1,2.4,6120000000.0,83200000.0,6040000000.0,0.2,0.08,0,1,0,0,0,0,0,0,0,0,0,0,0,0,0,0,0,0,0,0,0,0,0,0,1,0,0,0,0,0,0,0,0,0,1,1,0,0,0,1,0,0,0,0,0,0,0,1,0,0,-4.81
S19S_0020-M,-88.1575,31.85302,6.61,93.4,30.5,7.5,26.0,1.0,2.0,1.0,0.79,-27.75,7.04,7.87,70.1,7.7,0.7,78.5,0.0,21.5,8190000000.0,120000000.0,8070000000.0,0.31,0.1,0,1,0,0,0,0,0,0,0,0,0,0,0,0,0,0,0,0,0,0,0,0,0,0,1,0,0,0,0,0,0,0,0,0,1,1,0,0,0,1,0,0,0,0,0,0,0,1,0,0,-1388.85
S19S_0020-U,-88.15748,31.8531,6.61,93.4,30.5,7.5,21.5,2.0,1.0,1.0,0.87,-29.05,6.56,4.94,38.5,50.4,1.3,90.2,5.6,4.2,7630000000.0,57600000.0,7570000000.0,0.22,0.08,0,1,0,0,0,0,0,0,0,0,0,0,0,0,0,0,0,0,0,0,0,0,0,0,1,0,0,0,0,0,0,0,0,0,1,1,0,0,0,1,0,0,0,0,0,0,0,1,0,0,-12.94
S19S_0021-D,-87.79835,32.54069,6.55,90.5,33.4,7.5,15.0,3.0,2.0,1.0,3.82,-27.73,8.69,8.83,79.8,0.6,0.3,80.7,0.9,18.4,2250000000.0,32600000.0,2220000000.0,0.61,0.1,0,1,0,0,0,0,0,0,0,0,0,0,0,0,0,0,0,0,0,0,0,0,0,0,1,0,0,0,0,0,0,0,0,0,1,1,0,0,0,0,1,0,0,0,0,0,0,1,0,0,-2505.5
S19S_0021-M,-87.79828,32.54082,6.55,90.5,33.4,7.5,21.0,1.0,2.0,1.0,1.09,-26.99,9.88,10.96,89.1,0.2,0.1,89.4,0.0,10.6,5130000000.0,165000000.0,4970000000.0,0.27,0.07,0,1,0,0,0,0,0,0,0,0,0,0,0,0,0,0,0,0,0,0,0,0,0,0,1,0,0,0,0,0,0,0,0,0,1,1,0,0,0,0,1,0,0,0,0,0,0,1,0,0,-23.78
S19S_0021-U,-87.79821,32.54108,6.55,90.5,33.4,7.5,26.0,3.0,2.0,1.0,5.05,-28.11,11.74,9.95,60.4,29.5,1.2,91.1,8.9,0.0,1170000000.0,10500000.0,1160000000.0,0.28,0.1,0,1,0,0,0,0,0,0,0,0,0,0,0,0,0,0,0,0,0,0,0,0,0,0,1,0,0,0,0,0,0,0,0,0,1,1,0,0,0,0,1,0,0,0,0,0,0,1,0,0,-35.1
S19S_0022-D,-87.40811,32.96161,7.45,84.9,22.3,7.0,12.5,4.0,1.0,1.0,8.54,-26.97,4.32,5.99,4.8,40.5,52.8,98.1,1.9,0.0,96700000.0,4570000.0,92100000.0,0.14,0.09,0,1,0,0,0,0,0,0,0,0,0,0,1,0,0,0,0,0,0,0,0,0,0,0,0,0,0,0,0,0,0,0,0,1,0,1,0,0,0,1,0,0,0,1,0,0,0,0,0,0,-0.77
S19S_0022-M,-87.40821,32.96156,7.45,84.9,22.3,7.0,9.0,3.0,1.0,1.0,4.48,-26.84,5.12,4.65,6.6,82.9,6.4,95.9,4.1,0.0,50500000.0,4890000.0,45600000.0,0.16,0.08,0,1,0,0,0,0,0,0,0,0,0,0,1,0,0,0,0,0,0,0,0,0,0,0,0,0,0,0,0,0,0,0,0,1,0,1,0,0,0,1,0,0,0,1,0,0,0,0,0,0,-0.87
S19S_0022-U,-87.40828,32.96142,7.45,84.9,22.3,7.0,15.0,3.0,1.0,1.0,12.41,-27.15,6.06,5.05,14.0,72.9,10.6,97.5,0.0,2.5,318000000.0,9090000.0,309000000.0,0.22,0.08,0,1,0,0,0,0,0,0,0,0,0,0,1,0,0,0,0,0,0,0,0,0,0,0,0,0,0,0,0,0,0,0,0,1,0,1,0,0,0,1,0,0,0,0,0,0,1,0,0,0,-0.37
S19S_0023-D,-102.44896,39.75841,3.83,52.7,24.7,7.5,29.5,1.0,2.0,1.0,1.73,-28.64,16.78,25.55,14.5,57.2,23.2,94.9,1.7,3.4,667000000.0,2880000.0,664000000.0,0.28,0.09,1,0,0,0,0,0,1,0,0,0,0,0,0,0,0,0,0,0,0,0,0,0,0,0,0,0,0,0,0,0,0,0,0,1,0,1,0,0,0,1,0,0,0,0,0,1,0,0,0,0,-33.5
S19S_0023-M,-102.44896,39.75861,3.83,52.7,24.7,7.5,12.5,1.0,3.0,3.0,1.54,-27.52,14.61,11.01,16.5,69.7,10.2,96.4,3.6,0.0,2000000000.0,115000000.0,1890000000.0,0.44,0.1,1,0,0,0,0,0,1,0,0,0,0,0,0,0,0,0,0,0,0,0,0,0,0,0,0,0,0,0,0,0,0,0,0,1,0,1,0,0,0,1,0,0,0,0,0,0,0,1,0,0,-22.89
S19S_0023-U,-102.44917,39.75854,3.83,52.7,24.7,7.5,19.0,1.0,3.0,2.0,4.16,-28.79,16.99,26.33,13.2,49.3,31.6,94.1,5.5,0.4,2200000000.0,3930000.0,2190000000.0,0.41,0.09,1,0,0,0,0,0,1,0,0,0,0,0,0,0,0,0,0,0,0,0,0,0,0,0,0,0,0,0,0,0,0,0,0,1,0,1,0,0,0,1,0,0,0,1,0,0,0,0,0,0,-79.59
S19S_0024-D,-96.6227,34.44205,8.68,101.7,25.9,7.0,29.0,3.0,1.0,2.0,12.6,-16.85,13.12,45.55,28.0,6.8,23.5,58.3,37.5,4.2,203000000.0,18900000.0,184000000.0,2.79,0.18,0,1,0,0,0,0,1,0,0,0,0,0,0,0,0,0,0,0,0,0,0,0,0,0,0,0,0,0,0,0,0,0,0,0,1,1,0,1,0,0,0,0,0,1,0,0,0,0,0,0,-1918.37
S19S_0024-M,-96.62255,34.44223,8.68,101.7,25.9,7.0,29.5,3.0,1.0,2.0,5.5,-15.41,28.8,32.18,18.7,33.7,26.6,79.0,11.4,9.6,2280000000.0,96000000.0,2180000000.0,2.23,0.13,0,1,0,0,0,0,1,0,0,0,0,0,0,0,0,0,0,0,0,0,0,0,0,0,0,0,0,0,0,0,0,0,0,0,1,1,0,1,0,0,0,0,0,0,0,1,0,0,0,0,-1739.12
S19S_0024-U,-96.62259,34.44251,8.68,101.7,25.9,7.0,37.5,2.0,1.0,2.0,15.2,-16.3,17.09,51.83,34.4,25.5,8.7,68.6,20.8,10.6,1240000000.0,56800000.0,1180000000.0,3.11,0.18,0,1,0,0,0,0,1,0,0,0,0,0,0,0,0,0,0,0,0,0,0,0,0,0,0,0,0,0,0,0,0,0,0,0,1,1,0,1,0,0,0,0,0,0,0,0,0,1,0,0,-1841.16
S19S_0025-D,-97.78275,33.37853,5.04,62.2,26.0,7.0,28.0,2.0,3.0,3.0,9.09,-24.6,14.42,17.98,16.5,58.0,18.6,93.1,4.7,2.2,1420000000.0,1120000.0,1410000000.0,0.27,0.09,0,1,0,0,0,0,0,0,0,0,0,0,0,0,0,0,0,0,0,0,0,0,0,0,1,0,0,0,0,0,0,0,0,0,1,1,0,0,0,1,0,0,1,0,0,0,0,0,0,0,-47.08
S19S_0025-M,-97.78307,33.37834,5.04,62.2,26.0,7.0,9.0,1.0,3.0,3.0,26.35,-22.92,18.55,8.99,13.1,35.6,43.5,92.2,7.8,0.0,1930000000.0,166000000.0,1770000000.0,0.25,0.1,0,1,0,0,0,0,0,0,0,0,0,0,0,0,0,0,0,0,0,0,0,0,0,0,1,0,0,0,0,0,0,0,0,0,1,1,0,0,0,1,0,0,0,0,0,0,0,1,0,0,-61.3
S19S_0025-U,-97.78338,33.37834,5.04,62.2,26.0,7.0,5.5,4.0,3.0,3.0,54.39,-20.91,10.08,11.06,14.5,73.8,7.5,95.8,4.2,0.0,2560000000.0,2570000.0,2560000000.0,0.21,0.07,0,1,0,0,0,0,0,0,0,0,0,0,0,0,0,0,0,0,0,0,0,0,0,0,1,0,0,0,0,0,0,0,0,0,1,1,0,0,0,1,0,0,0,1,0,0,0,0,0,0,-24.29
S19S_0026-D,-105.54327,40.03489,8.25,98.9,9.5,6.0,11.0,2.0,2.0,1.0,3.52,-25.95,15.01,33.13,8.1,16.1,58.5,82.7,2.1,15.2,625000000.0,19100000.0,605000000.0,0.59,0.11,0,1,0,0,0,0,0,0,0,0,0,0,0,0,0,0,0,0,0,0,0,0,0,0,1,0,0,0,0,0,0,0,0,1,0,0,1,1,0,0,0,0,0,1,0,0,0,0,0,0,-17.98
S19S_0026-M,-105.54371,40.03496,8.25,98.9,9.5,6.0,7.0,2.0,2.0,1.0,2.48,-26.55,12.3,11.73,5.4,NaN,81.6,NaN,5.7,NaN,509000000.0,18100000.0,491000000.0,0.55,0.08,0,1,0,0,0,0,0,0,0,0,0,0,0,0,0,0,0,0,0,0,0,0,0,0,1,0,0,0,0,0,0,0,0,1,0,0,1,1,0,0,0,0,0,0,0,1,0,0,0,0,-3.11
S19S_0026-U,-105.54393,40.03497,8.25,98.9,9.5,6.0,17.0,2.0,2.0,1.0,4.43,-27.26,11.42,9.26,3.8,5.4,83.8,93.0,0.0,7.0,500000000.0,17500000.0,482000000.0,0.23,0.07,0,1,0,0,0,0,0,0,0,0,0,0,0,0,0,0,0,0,0,0,0,0,0,0,1,0,0,0,0,0,0,0,0,1,0,0,1,1,0,0,0,0,0,1,0,0,0,0,0,0,-5.64
S19S_0027-D,-105.91125,39.89064,9.57,109.6,7.1,6.5,16.0,2.0,2.0,1.0,-1.41,-26.82,7.55,10.47,10.4,15.2,66.3,91.9,8.1,0.0,545000000.0,11500000.0,534000000.0,0.22,0.09,0,1,0,0,0,0,0,0,0,0,0,0,0,0,0,0,0,0,0,0,0,0,0,0,0,0,0,1,0,0,0,0,0,1,0,0,1,0,1,0,0,0,0,0,0,0,0,1,0,0,-1.25
S19S_0027-M,-105.91152,39.89078,9.57,109.6,7.1,6.5,9.0,4.0,2.0,1.0,-10.79,-26.54,11.79,15.12,14.1,37.6,36.7,88.4,2.0,9.6,1450000000.0,64300000.0,1390000000.0,0.78,0.1,0,1,0,0,0,0,0,0,0,0,0,0,0,0,0,0,0,0,0,0,0,0,0,0,0,0,0,1,0,0,0,0,0,1,0,0,1,0,1,0,0,0,0,0,0,1,0,0,0,0,-2.74
S19S_0027-U,-105.91164,39.89071,9.57,109.6,7.1,6.5,10.0,3.0,2.0,1.0,NaN,-26.33,18.62,13.41,7.2,10.0,75.1,92.3,0.0,7.7,468000000.0,8660000.0,459000000.0,0.78,0.06,0,1,0,0,0,0,0,0,0,0,0,0,0,0,0,0,0,0,0,0,0,0,0,0,0,0,0,1,0,0,0,0,0,1,0,0,1,0,1,0,0,0,0,1,0,0,0,0,0,0,-6.06
S19S_0028-D,-111.507871,33.750675,NaN,NaN,23.8,7.5,12.0,2.0,3.0,3.0,68.27,-28.3,10.44,11.39,1.5,6.8,84.4,92.7,7.3,0.0,1420000000.0,4500000.0,1420000000.0,0.36,0.08,1,0,0,0,0,0,0,1,0,0,0,0,0,0,0,0,0,0,0,0,0,0,0,0,0,0,0,0,0,0,0,1,0,0,0,0,1,0,0,1,0,0,0,0,0,0,0,1,0,0,-9.45
S19S_0028-M,-111.508001,33.750788,NaN,NaN,23.8,7.5,22.0,2.0,3.0,3.0,10.45,-29.71,40.0,39.33,3.2,7.8,81.6,92.6,7.4,0.0,1570000000.0,41300000.0,1530000000.0,0.42,0.11,1,0,0,0,0,0,0,1,0,0,0,0,0,0,0,0,0,0,0,0,0,0,0,0,0,0,0,0,0,0,0,1,0,0,0,0,1,0,0,1,0,0,0,0,0,1,0,0,0,0,-33.33
S19S_0028-U,-111.508141,33.750837,NaN,NaN,23.8,7.5,10.0,1.0,2.0,3.0,-6.08,NaN,56.24,22.0,3.9,2.1,89.5,95.5,0.0,4.5,1300000000.0,21000000.0,1270000000.0,0.31,0.07,1,0,0,0,0,0,0,1,0,0,0,0,0,0,0,0,0,0,0,0,0,0,0,0,0,0,0,0,0,0,0,1,0,0,0,0,1,0,0,1,0,1,0,0,0,0,0,0,0,0,-16.54
S19S_0029-D,-111.80126,40.78319,9.72,90.0,12.0,7.5,6.5,2.0,1.0,1.0,6.42,NaN,12.01,14.91,32.4,27.2,16.2,75.8,10.4,13.8,610000000.0,42400000.0,567000000.0,5.23,0.17,0,1,1,0,0,0,0,0,0,0,0,0,0,0,0,0,0,0,0,0,0,0,0,0,0,0,0,0,0,0,0,0,0,1,0,0,1,0,1,0,0,0,0,0,0,0,0,1,0,0,-79.25
S19S_0029-M,-111.79582,40.78466,9.72,90.0,12.0,7.5,2.0,3.0,1.0,3.0,8.1,NaN,25.06,31.55,52.9,10.8,6.7,70.4,0.0,29.6,NaN,NaN,NaN,5.95,0.23,0,1,1,0,0,0,0,0,0,0,0,0,0,0,0,0,0,0,0,0,0,0,0,0,0,0,0,0,0,0,0,0,0,1,0,0,1,0,1,0,0,1,0,0,0,0,0,0,0,0,-110.45
S19S_0029-U,-111.79547,40.78464,9.72,90.0,12.0,7.5,12.0,2.0,1.0,1.0,4.92,NaN,9.83,10.93,38.7,14.3,24.2,77.2,20.3,2.5,413000000.0,23000000.0,390000000.0,4.77,0.12,0,1,1,0,0,0,0,0,0,0,0,0,0,0,0,0,0,0,0,0,0,0,0,0,0,0,0,0,0,0,0,0,0,1,0,0,1,0,1,0,0,0,0,0,0,0,0,1,0,0,-10.71
S19S_0030-U,-121.929928,45.792233,9.1,89.1,14.7,6.0,32.0,1.0,1.0,1.0,5.51,-28.74,7.12,6.84,0.0,0.0,0.0,0.0,0.0,100.0,395000000.0,19200000.0,376000000.0,1.26,0.17,0,1,0,0,0,0,0,0,0,0,0,0,0,0,0,0,0,0,0,0,0,0,0,0,1,0,0,0,0,0,0,0,0,1,0,1,0,0,1,0,0,0,0,0,0,1,0,0,0,0,-9.01
S19S_0031-D,-122.1650676,44.2602628,9.56,96.6,12.4,6.0,24.0,2.0,3.0,1.0,4.06,-28.38,13.11,6.34,12.9,6.5,46.7,66.1,6.8,27.1,3660000000.0,58400000.0,3610000000.0,0.85,0.11,0,1,0,0,0,0,0,0,0,0,0,0,0,0,0,0,0,0,0,0,0,0,0,0,1,0,0,0,0,0,0,0,0,1,0,0,1,0,1,0,0,0,0,0,0,1,0,0,0,0,-1.84
S19S_0031-M,-122.1647132,44.2602364,9.56,96.6,12.4,6.0,9.0,2.0,3.0,1.0,1.24,-27.3,6.01,4.63,15.9,5.4,51.8,73.1,7.0,19.9,116000000.0,1340000.0,115000000.0,0.57,0.09,0,1,0,0,0,0,0,0,0,0,0,0,0,0,0,0,0,0,0,0,0,0,0,0,1,0,0,0,0,0,0,0,0,1,0,0,1,0,1,0,0,0,0,0,0,0,1,0,0,0,-1.15
S19S_0031-U,-122.1642723,44.2605576,9.56,96.6,12.4,6.0,11.0,2.0,2.0,1.0,4.13,-27.77,6.91,6.42,15.8,6.4,35.0,57.2,10.9,31.9,3750000000.0,48100000.0,3700000000.0,0.96,0.14,0,1,0,0,0,0,0,0,0,0,0,0,0,0,0,0,0,0,0,0,0,0,0,0,1,0,0,0,0,0,0,0,0,1,0,0,1,0,1,0,0,0,0,0,0,0,0,1,0,0,-1.29
S19S_0032-D,-119.02313,39.95545,9.35,87.5,13.1,7.0,39.5,2.0,2.0,1.0,2.61,-26.53,25.64,34.48,8.8,10.7,75.0,94.5,5.5,0.0,24400000.0,5320000.0,19100000.0,1.09,0.1,0,1,0,0,0,0,0,0,0,0,0,0,0,0,0,0,0,0,0,0,0,0,0,0,0,0,0,1,0,0,0,0,0,1,0,0,1,0,1,0,0,0,0,0,0,1,0,0,0,0,-15.13
S19S_0032-M,-119.02367,36.95503,9.35,87.5,13.1,7.0,10.5,3.0,2.0,1.0,2.04,-27.89,10.25,14.81,7.6,9.7,77.4,94.7,0.0,5.3,49500000.0,972000.0,48500000.0,0.32,0.08,0,1,0,0,0,0,0,0,0,0,0,0,0,0,0,0,0,0,0,0,0,0,0,0,0,0,0,1,0,0,0,0,0,1,0,0,1,0,1,0,0,1,0,0,0,0,0,0,0,0,-3.73
S19S_0032-U,-119.02375,36.95497,9.35,87.5,13.1,7.0,5.0,2.0,2.0,1.0,0.37,-26.74,22.31,22.13,4.3,38.0,48.6,90.9,9.1,0.0,42200000.0,3200000.0,39000000.0,1.0,0.09,0,1,0,0,0,0,0,0,0,0,0,0,0,0,0,0,0,0,0,0,0,0,0,0,0,0,0,1,0,0,0,0,0,1,0,0,1,0,1,0,0,0,0,0,0,1,0,0,0,0,-46.77
S19S_0033-D,-119.2554,37.0576,9.46,97.3,16.6,7.0,9.0,3.0,1.0,2.0,-3.25,-31.66,9.0,12.85,9.1,17.8,66.3,93.2,0.0,6.8,14700000.0,256000.0,14500000.0,0.23,0.09,0,1,0,0,0,0,0,0,0,0,0,0,0,0,0,0,0,0,0,0,0,0,0,0,1,0,0,0,0,0,0,0,0,1,0,1,0,0,1,0,0,0,0,0,0,0,0,1,0,0,-2.08
S19S_0033-M,-119.2557,37.0582,9.46,97.3,16.6,7.0,19.0,4.0,1.0,2.0,-16.41,-46.41,6.71,5.22,14.3,25.0,53.6,92.9,7.1,0.0,19600000.0,29800.0,19600000.0,0.38,0.12,0,1,0,0,0,0,0,0,0,0,0,0,0,0,0,0,0,0,0,0,0,0,0,0,1,0,0,0,0,0,0,0,0,1,0,1,0,0,1,0,0,0,0,1,0,0,0,0,0,0,-1.77
S19S_0033-U,-119.256,37.0581,9.46,97.3,16.6,7.0,5.0,3.0,2.0,2.0,-10.39,-42.46,7.54,8.31,20.5,46.2,19.9,86.6,13.4,0.0,32700000.0,693000.0,32000000.0,0.29,0.09,0,1,0,0,0,0,0,0,0,0,0,0,0,0,0,0,0,0,0,0,0,0,0,0,1,0,0,0,0,0,0,0,0,1,0,1,0,0,1,0,0,0,0,0,0,0,0,1,0,0,-3.94
S19S_0034-D,-106.5233,35.8677,NaN,94.0,13.8,7.0,9.2,3.0,2.0,2.0,7.99,-24.74,15.9,16.35,13.7,25.8,33.5,73.0,15.8,11.2,1460000000.0,8010000.0,1450000000.0,3.86,0.2,0,1,0,0,0,0,0,0,0,0,0,0,0,0,0,0,0,0,0,0,0,0,0,0,0,0,1,0,0,0,0,0,0,0,1,0,1,0,1,0,0,1,0,0,0,0,0,0,0,0,-115.73
S19S_0034-M,-106.5232,35.8678,NaN,94.0,13.8,7.0,5.4,2.0,2.0,2.0,-2.71,-26.14,12.09,23.8,5.2,6.4,77.0,88.6,10.0,1.4,487000000.0,29700000.0,457000000.0,0.66,0.11,0,1,0,0,0,0,0,0,0,0,0,0,0,0,0,0,0,0,0,0,0,0,0,0,0,0,1,0,0,0,0,0,0,0,1,0,1,0,1,0,0,0,0,0,0,1,0,0,0,0,-8.0
S19S_0034-U,-106.5233,35.868,NaN,94.0,13.8,7.0,4.0,2.0,2.0,2.0,1.21,-26.43,11.38,15.26,12.9,14.1,59.8,86.8,2.0,11.2,4260000000.0,51300000.0,4210000000.0,1.87,0.16,0,1,0,0,0,0,0,0,0,0,0,0,0,0,0,0,0,0,0,0,0,0,0,0,0,0,1,0,0,0,0,0,0,0,1,0,1,0,1,0,0,0,0,1,0,0,0,0,0,0,-27.46
S19S_0035-D,-110.757838,32.42735,5.88,63.1,18.4,6.5,14.0,2.0,2.0,1.0,4.4,-27.03,15.9,23.76,11.6,7.5,72.7,91.8,5.8,2.4,171000000.0,23600000.0,148000000.0,0.61,0.15,0,1,0,0,0,0,0,0,0,0,0,0,0,0,0,0,0,0,0,0,0,0,0,0,1,0,0,0,0,0,0,0,0,0,1,0,1,0,1,0,0,1,0,0,0,0,0,0,0,0,-12.66
S19S_0035-M,-110.758821,32.42728,5.88,63.1,18.4,6.5,13.0,4.0,2.0,2.0,2.35,-27.28,9.8,7.76,13.2,11.3,65.8,90.3,9.7,0.0,675000000.0,33200000.0,642000000.0,1.2,0.12,0,1,0,0,0,0,0,0,0,0,0,0,0,0,0,0,0,0,0,0,0,0,0,0,1,0,0,0,0,0,0,0,0,0,1,0,1,0,1,0,0,1,0,0,0,0,0,0,0,0,-7.65
S19S_0035-U,-110.759543,32.327329,5.88,63.1,18.4,6.5,19.0,4.0,2.0,2.0,4.37,-26.86,9.73,9.27,12.6,12.7,62.5,87.8,12.2,0.0,506000000.0,17600000.0,488000000.0,1.08,0.16,0,1,0,0,0,0,0,0,0,0,0,0,0,0,0,0,0,0,0,0,0,0,0,0,1,0,0,0,0,0,0,0,0,0,1,0,1,0,1,0,0,0,0,1,0,0,0,0,0,0,-11.52
S19S_0036-D,-119.271902,46.372515,NaN,NaN,11.0,7.0,28.0,2.0,1.0,2.0,3.78,-26.25,16.88,19.87,23.6,52.6,15.0,91.2,2.8,6.0,NaN,NaN,NaN,0.63,0.11,0,1,1,0,0,0,0,0,0,0,0,0,0,0,0,0,0,0,0,0,0,0,0,0,0,0,0,0,0,0,0,0,0,0,1,1,0,0,1,0,0,0,0,0,0,0,0,1,0,0,-41.22
S19S_0036-M,-119.271921,46.372735,NaN,NaN,11.0,7.0,23.0,2.0,1.0,2.0,7.02,-27.03,14.52,13.93,16.4,48.2,27.6,92.2,7.8,0.0,NaN,NaN,NaN,0.35,0.07,0,1,1,0,0,0,0,0,0,0,0,0,0,0,0,0,0,0,0,0,0,0,0,0,0,0,0,0,0,0,0,0,0,0,1,1,0,0,1,0,0,0,0,0,0,0,0,1,0,0,-4.84
S19S_0036-U,-119.271963,46.372753,NaN,NaN,11.0,7.0,26.0,2.0,1.0,2.0,2.06,-25.98,13.75,16.05,6.2,67.8,16.3,90.3,9.7,0.0,NaN,NaN,NaN,0.48,0.11,0,1,1,0,0,0,0,0,0,0,0,0,0,0,0,0,0,0,0,0,0,0,0,0,0,0,0,0,0,0,0,0,0,0,1,1,0,0,1,0,0,0,0,0,0,0,0,1,0,0,-16.74
S19S_0037-D,-75.7830393,39.8577967,8.97,98.6,19.4,6.5,15.9,1.0,2.0,2.0,-10.69,-29.58,11.88,16.06,2.4,35.3,51.7,89.4,9.9,0.7,304000000.0,18500000.0,285000000.0,0.32,0.08,0,1,0,0,0,0,0,0,0,0,0,0,0,1,0,0,0,0,0,0,0,0,0,0,0,0,0,0,0,0,0,0,0,0,1,1,0,0,1,0,0,1,0,0,0,0,0,0,0,0,-7.5
S19S_0037-M,-75.7830477,39.8578837,8.97,98.6,19.4,6.5,19.5,1.0,2.0,2.0,3.41,-25.74,15.42,41.86,13.2,29.9,48.4,91.5,0.0,8.5,NaN,NaN,NaN,0.67,0.09,0,1,0,0,0,0,0,0,0,0,0,0,0,1,0,0,0,0,0,0,0,0,0,0,0,0,0,0,0,0,0,0,0,0,1,1,0,0,1,0,0,1,0,0,0,0,0,0,0,0,-14.69
S19S_0037-U,-75.7831181,39.8579143,8.97,98.6,19.4,6.5,29.0,1.0,2.0,2.0,1.0,-40.15,13.09,21.11,4.0,46.8,39.3,90.1,9.9,0.0,NaN,NaN,NaN,0.45,0.07,0,1,0,0,0,0,0,0,0,0,0,0,0,1,0,0,0,0,0,0,0,0,0,0,0,0,0,0,0,0,0,0,0,0,1,1,0,0,1,0,0,1,0,0,0,0,0,0,0,0,-14.12
S19S_0038-D,-75.7839486,39.8594333,8.62,95.1,19.5,6.5,9.4,4.0,1.0,1.0,3.87,-27.28,9.44,17.0,12.5,23.1,55.4,91.0,0.0,9.0,NaN,NaN,NaN,0.48,0.08,0,1,1,0,0,0,0,0,0,0,0,0,0,0,0,0,0,0,0,0,0,0,0,0,0,0,0,0,0,0,0,0,0,0,1,1,0,0,1,0,0,1,0,0,0,0,0,0,0,0,-7.06
S19S_0038-M,-75.7840693,39.8595115,8.62,95.1,19.5,6.5,27.0,4.0,1.0,1.0,1.85,-24.95,8.31,8.56,48.3,31.0,8.3,87.6,0.0,12.4,956000000.0,185000000.0,770000000.0,1.21,0.07,0,1,1,0,0,0,0,0,0,0,0,0,0,0,0,0,0,0,0,0,0,0,0,0,0,0,0,0,0,0,0,0,0,0,1,1,0,0,1,0,0,0,0,0,0,1,0,0,0,0,-3.59
S19S_0038-U,-75.784143,39.8595761,8.62,95.1,19.5,6.5,7.1,4.0,1.0,1.0,4.56,-32.07,8.9,10.02,20.9,48.0,23.4,92.3,3.0,4.7,373000000.0,61700000.0,311000000.0,1.86,0.16,0,1,1,0,0,0,0,0,0,0,0,0,0,0,0,0,0,0,0,0,0,0,0,0,0,0,0,0,0,0,0,0,0,0,1,1,0,0,1,0,0,0,0,0,0,0,0,1,0,0,-10.78
S19S_0039-D,-84.359197,35.966194,6.13,71.0,22.8,7.5,7.0,2.0,1.0,1.0,5.87,-28.11,10.65,16.43,32.2,21.4,20.8,74.4,20.4,5.2,2180000000.0,11500000.0,2160000000.0,1.7,0.16,0,1,0,0,0,0,1,0,0,0,0,0,0,0,0,0,0,0,0,0,0,0,0,0,0,0,0,0,0,0,0,0,0,1,0,1,0,0,1,0,0,1,0,0,0,0,0,0,0,0,-1671.03
S19S_0039-M,-84.358455,35.966319,6.13,71.0,22.8,7.5,7.6,3.0,1.0,1.0,9.68,NaN,10.54,12.78,4.4,9.6,3.2,17.2,6.2,76.6,6010000000.0,200000000.0,5810000000.0,2.8,0.25,0,1,0,0,0,0,1,0,0,0,0,0,0,0,0,0,0,0,0,0,0,0,0,0,0,0,0,0,0,0,0,0,0,1,0,1,0,0,1,0,0,1,0,0,0,0,0,0,0,0,-11.12
S19S_0039-U,-84.357361,35.966243,6.13,71.0,22.8,7.5,20.0,3.0,1.0,1.0,3.74,NaN,11.02,12.11,52.6,21.1,6.6,80.3,0.0,19.7,4130000000.0,14900000.0,4120000000.0,1.69,0.16,0,1,0,0,0,0,1,0,0,0,0,0,0,0,0,0,0,0,0,0,0,0,0,0,0,0,0,0,0,0,0,0,0,1,0,1,0,0,1,0,0,1,0,0,0,0,0,0,0,0,-1694.52
S19S_0040-D,-96.584725,39.087889,8.62,98.2,21.7,7.5,3.0,1.0,1.0,3.0,NaN,NaN,NaN,NaN,NaN,NaN,NaN,NaN,NaN,NaN,NaN,NaN,NaN,NaN,NaN,1,0,0,0,0,0,0,0,0,0,0,0,0,0,0,0,0,0,0,0,0,0,0,0,0,0,0,0,0,0,1,0,0,1,0,0,1,0,1,0,0,0,0,1,0,0,0,0,0,0,-26.93
S19S_0040-M,-96.584798,39.087692,8.62,98.2,21.7,7.5,3.0,1.0,1.0,3.0,NaN,NaN,10.04,18.92,14.1,4.0,14.1,32.2,5.1,62.7,7110000000.0,165000000.0,6940000000.0,NaN,NaN,1,0,0,0,0,0,0,0,0,0,0,0,0,0,0,0,0,0,0,0,0,0,0,0,0,0,0,0,0,0,1,0,0,1,0,0,1,0,1,0,0,0,0,0,0,0,1,0,0,0,-60.88
S19S_0040-U,-96.58479,39.08766,8.62,98.2,21.7,7.5,10.0,1.0,1.0,2.0,NaN,-12.27,15.74,24.52,14.1,4.0,14.1,32.2,5.1,62.7,5150000000.0,256000000.0,4890000000.0,5.91,0.2,1,0,0,0,0,0,0,0,0,0,0,0,0,0,0,0,0,0,0,0,0,0,0,0,0,0,0,0,0,0,1,0,0,1,0,0,1,0,1,0,0,0,0,0,0,1,0,0,0,0,-1890.34
S19S_0041-D,-120.858196,44.299994,NaN,NaN,20.0,6.5,24.0,1.0,2.0,1.0,61.95,-29.0,9.6,9.88,10.0,22.2,59.4,91.6,8.4,0.0,2090000000.0,665000.0,2090000000.0,0.21,0.09,0,1,0,0,0,0,1,0,0,0,0,0,0,0,0,0,0,0,0,0,0,0,0,0,0,0,0,0,0,0,0,1,0,0,0,1,0,0,0,1,0,0,0,0,0,0,0,1,0,0,-4.81
S19S_0041-M,-120.858255,44.300038,NaN,NaN,20.0,6.5,10.0,2.0,2.0,1.0,4.42,-28.95,11.6,18.17,19.3,35.7,31.8,86.8,13.2,0.0,3710000000.0,51200000.0,3660000000.0,0.5,0.1,0,1,0,0,0,0,1,0,0,0,0,0,0,0,0,0,0,0,0,0,0,0,0,0,0,0,0,0,0,0,0,1,0,0,0,1,0,0,0,1,0,0,0,0,0,0,0,1,0,0,-88.82
S19S_0041-U,-120.85829,44.300082,NaN,NaN,20.0,6.5,18.0,2.0,2.0,1.0,-2.13,-28.97,9.71,11.62,13.7,18.3,54.4,86.4,5.7,7.9,1790000000.0,999000.0,1790000000.0,0.18,0.1,0,1,0,0,0,0,1,0,0,0,0,0,0,0,0,0,0,0,0,0,0,0,0,0,0,0,0,0,0,0,0,1,0,0,0,1,0,0,0,1,0,0,0,0,0,0,0,1,0,0,-48.64
S19S_0042-D,-80.96434,25.40976,3.9,49.1,29.1,7.5,54.0,3.0,2.0,1.0,14.91,-26.95,30.04,31.73,30.0,20.8,14.6,65.4,34.6,0.0,6790000000.0,2460000000.0,4330000000.0,38.95,2.3,0,1,0,0,0,0,0,0,1,0,0,0,0,0,0,0,0,0,0,0,0,0,0,0,0,0,0,0,0,0,0,1,0,0,0,1,0,0,0,0,1,0,0,0,0,0,0,1,0,0,-19.26
S19S_0042-M,-80.96423,25.40979,3.9,49.1,29.1,7.5,65.0,3.0,2.0,1.0,16.5,-27.02,27.92,22.0,26.3,19.0,29.9,75.2,24.8,0.0,1790000000.0,842000000.0,953000000.0,37.72,2.24,0,1,0,0,0,0,0,0,1,0,0,0,0,0,0,0,0,0,0,0,0,0,0,0,0,0,0,0,0,0,0,1,0,0,0,1,0,0,0,0,1,0,0,0,0,0,0,1,0,0,-31.19
S19S_0042-U,-80.96423,25.40982,3.9,49.1,29.1,7.5,55.0,3.0,2.0,1.0,17.85,-27.12,37.17,22.0,0.0,0.0,0.0,0.0,0.0,100.0,2230000000.0,1040000000.0,1180000000.0,38.42,2.24,0,1,0,0,0,0,0,0,1,0,0,0,0,0,0,0,0,0,0,0,0,0,0,0,0,0,0,0,0,0,0,1,0,0,0,1,0,0,0,0,1,0,0,0,0,0,0,1,0,0,-50.32
S19S_0043-D,-89.472992,43.14501,NaN,NaN,15.7,7.5,20.0,1.0,3.0,1.0,1.2,-25.3,26.89,21.79,14.0,6.4,12.6,33.0,48.8,18.2,4100000000.0,1730000000.0,2370000000.0,0.49,0.09,0,1,0,0,0,0,0,0,0,0,0,0,0,0,0,0,0,0,0,0,0,0,0,0,0,0,0,0,0,0,1,0,0,1,0,1,0,0,0,0,1,0,0,0,0,0,0,1,0,0,-19.4
S19S_0043-M,-89.472023,43.145025,NaN,NaN,15.7,7.5,30.0,1.0,3.0,1.0,9.79,-25.06,7.97,9.84,39.6,2.7,0.1,42.4,36.4,21.2,8850000000.0,414000000.0,8430000000.0,2.54,0.23,0,1,0,0,0,0,0,0,0,0,0,0,0,0,0,0,0,0,0,0,0,0,0,0,0,0,0,0,0,0,1,0,0,1,0,1,0,0,0,0,1,0,0,0,0,0,0,1,0,0,-29.33
S19S_0044-D,-79.811134,33.131027,NaN,NaN,24.0,6.0,37.0,1.0,1.0,1.0,3.22,-28.89,17.64,24.32,12.2,40.0,39.7,91.9,8.1,0.0,2860000000.0,1790000.0,2860000000.0,0.98,0.12,0,1,0,0,0,0,0,0,0,0,0,0,0,0,0,0,0,1,0,0,0,0,0,0,0,0,0,0,0,0,0,0,0,1,0,1,0,0,0,0,1,0,0,1,0,0,0,0,0,0,-1011.81
S19S_0044-M,-79.810626,33.130966,NaN,NaN,24.0,6.0,22.0,1.0,1.0,2.0,3.47,-30.21,14.77,17.05,71.8,11.2,1.4,84.4,15.6,0.0,1010000000.0,42500000.0,972000000.0,5.08,0.2,0,1,0,0,0,0,0,0,0,0,0,0,0,0,0,0,0,1,0,0,0,0,0,0,0,0,0,0,0,0,0,0,0,1,0,1,0,0,0,0,1,0,0,1,0,0,0,0,0,0,-2785.54
S19S_0044-U,-79.810168,33.130796,NaN,NaN,24.0,6.0,24.0,1.0,1.0,1.0,7.66,NaN,20.11,21.03,27.3,36.6,8.9,72.8,27.2,0.0,3500000000.0,15500000.0,3480000000.0,6.78,0.37,0,1,0,0,0,0,0,0,0,0,0,0,0,0,0,0,0,1,0,0,0,0,0,0,0,0,0,0,0,0,0,0,0,1,0,1,0,0,0,0,1,0,0,1,0,0,0,0,0,0,-1906.69
S19S_0047-D,-149.40333,68.64278,10.26,97.2,8.5,6.5,52.0,1.0,1.0,1.0,6.04,NaN,10.06,26.9,42.7,7.3,3.2,53.2,40.3,6.5,929000000.0,54700000.0,874000000.0,4.26,0.23,0,1,0,0,0,0,0,0,0,0,0,0,0,0,0,0,0,0,0,0,0,0,0,0,0,0,0,0,1,0,0,0,0,1,0,1,0,0,1,0,0,0,0,0,0,0,0,1,0,0,-33.64
S19S_0047-M,-149.40339,68.64274,10.26,97.2,8.5,6.5,76.0,2.0,1.0,1.0,9.68,-27.38,28.76,70.18,45.7,9.6,3.5,58.8,20.2,21.0,1330000000.0,127000000.0,1210000000.0,6.89,0.41,0,1,0,0,0,0,0,0,0,0,0,0,0,0,0,0,0,0,0,0,0,0,0,0,0,0,0,0,1,0,0,0,0,1,0,1,0,0,1,0,0,0,0,0,0,0,0,1,0,0,-1175.43
S19S_0047-U,-149.40346,68.6427,10.26,97.2,8.5,6.5,82.0,2.0,1.0,1.0,8.28,-27.47,14.89,37.71,NaN,NaN,NaN,NaN,NaN,NaN,1050000000.0,64800000.0,985000000.0,3.18,0.21,0,1,0,0,0,0,0,0,0,0,0,0,0,0,0,0,0,0,0,0,0,0,0,0,0,0,0,0,1,0,0,0,0,1,0,1,0,0,1,0,0,0,0,0,0,0,0,1,0,0,-2727.43
S19S_0050-D,-149.14198,68.66953,12.44,108.2,9.6,6.5,18.0,4.0,1.0,1.0,5.82,-30.15,7.15,12.52,4.9,14.8,72.5,92.2,7.8,0.0,765000000.0,4750000.0,760000000.0,0.45,0.14,1,0,0,0,0,0,0,0,0,0,0,0,0,0,0,0,0,0,0,0,0,0,0,0,0,0,0,0,1,0,0,0,0,1,0,1,0,0,1,0,0,0,0,0,0,1,0,0,0,0,-2.85
S19S_0050-M,-149.14041,68.66967,12.44,108.2,9.6,6.5,5.0,4.0,1.0,1.0,-8.36,-27.77,15.41,28.03,7.8,6.8,75.1,89.7,10.3,0.0,231000000.0,14700000.0,216000000.0,1.69,0.19,1,0,0,0,0,0,0,0,0,0,0,0,0,0,0,0,0,0,0,0,0,0,0,0,0,0,0,0,1,0,0,0,0,1,0,1,0,0,1,0,0,0,0,0,0,0,0,1,0,0,-8.26
S19S_0050-U,-149.5972,68.62722,12.44,108.2,9.6,6.5,31.0,4.0,2.0,1.0,0.76,-37.34,13.15,17.69,8.7,13.8,65.8,88.3,0.0,11.7,8480000000.0,32700000.0,8440000000.0,1.28,0.13,1,0,0,0,0,0,0,0,0,0,0,0,0,0,0,0,0,0,0,0,0,0,0,0,0,0,0,0,1,0,0,0,0,1,0,1,0,0,1,0,0,1,0,0,0,0,0,0,0,0,-5.69
S19S_0051-D,-147.50267,65.1531,12.9,101.0,4.5,6.5,15.0,1.0,1.0,1.0,0.83,-26.29,16.72,31.52,29.4,17.4,39.6,86.4,1.9,11.7,315000000.0,36400000.0,279000000.0,1.14,0.08,0,1,0,0,0,0,0,1,0,0,0,0,0,0,0,0,0,0,0,0,0,0,0,0,0,0,0,0,0,0,0,0,0,1,0,1,0,0,1,0,0,1,0,0,0,0,0,0,0,0,-3.14
S19S_0051-M,-147.50249,65.15298,12.9,101.0,4.5,6.5,3.0,1.0,1.0,1.0,5.48,-26.59,14.87,30.18,62.3,14.0,0.5,76.8,14.6,8.6,2890000000.0,70800000.0,2820000000.0,1.88,0.11,0,1,0,0,0,0,0,1,0,0,0,0,0,0,0,0,0,0,0,0,0,0,0,0,0,0,0,0,0,0,0,0,0,1,0,1,0,0,1,0,0,0,0,1,0,0,0,0,0,0,-47.19
S19S_0051-U,-147.80559,64.85568,12.9,101.0,4.5,6.5,8.0,1.0,1.0,1.0,7.16,-26.63,11.32,15.72,30.1,34.9,19.9,84.9,11.8,3.3,411000000.0,52500000.0,359000000.0,0.58,0.06,0,1,0,0,0,0,0,1,0,0,0,0,0,0,0,0,0,0,0,0,0,0,0,0,0,0,0,0,0,0,0,0,0,1,0,1,0,0,1,0,0,0,0,1,0,0,0,0,0,0,-2.21
S19S_0052-D,-74.69563,42.13187,NaN,NaN,20.3,6.5,8.5,3.0,1.0,1.0,3.41,-25.84,11.5,16.47,21.6,29.4,32.8,83.8,16.2,0.0,252000000.0,28200000.0,224000000.0,0.49,0.09,0,1,0,0,0,0,0,0,0,0,0,0,0,0,0,0,0,0,0,0,0,0,0,0,1,0,0,0,0,0,0,0,0,0,1,1,0,0,1,0,0,0,0,0,0,0,0,1,0,0,-15.34
S19S_0052-M,-74.69546,42.13233,NaN,NaN,20.3,6.5,8.5,3.0,1.0,1.0,7.33,-28.03,22.09,22.9,34.2,36.1,7.0,77.3,22.7,0.0,307000000.0,39800000.0,267000000.0,2.69,0.24,0,1,0,0,0,0,0,0,0,0,0,0,0,0,0,0,0,0,0,0,0,0,0,0,1,0,0,0,0,0,0,0,0,0,1,1,0,0,1,0,0,0,0,0,0,0,0,1,0,0,-50.95
S19S_0052-U,-74.69548,42.13247,NaN,NaN,20.3,6.5,9.5,3.0,1.0,1.0,4.54,-26.74,10.77,11.65,15.8,27.9,35.3,79.0,0.0,21.0,203000000.0,23600000.0,179000000.0,0.37,0.11,0,1,0,0,0,0,0,0,0,0,0,0,0,0,0,0,0,0,0,0,0,0,0,0,1,0,0,0,0,0,0,0,0,0,1,1,0,0,1,0,0,0,0,0,0,0,0,1,0,0,-15.94
S19S_0053-D,-73.00222222,41.869567,NaN,NaN,22.78,6.5,10.0,4.0,1.0,1.0,3.02,-27.12,11.03,12.36,12.9,30.3,48.2,91.4,6.6,2.0,231000000.0,17200000.0,213000000.0,0.53,0.1,1,0,0,0,0,0,0,1,0,0,0,0,0,0,0,0,0,0,0,0,0,0,0,0,0,0,0,0,0,0,0,0,0,1,0,1,0,0,0,1,0,1,0,0,0,0,0,0,0,0,-18.6
S19S_0053-M,-72.796633,41.869617,NaN,NaN,22.78,6.5,22.0,3.0,1.0,1.0,9.79,-27.13,11.81,11.3,14.3,18.9,60.6,93.8,2.9,3.3,287000000.0,63100000.0,223000000.0,0.6,0.15,1,0,0,0,0,0,0,1,0,0,0,0,0,0,0,0,0,0,0,0,0,0,0,0,0,0,0,0,0,0,0,0,0,1,0,1,0,0,0,1,0,1,0,0,0,0,0,0,0,0,-43.06
S19S_0053-U,-72.796767,41.869583,NaN,NaN,22.78,6.5,19.0,2.0,1.0,1.0,0.97,-22.51,9.1,11.13,12.4,26.2,55.4,94.0,2.8,3.2,89800000.0,12600000.0,77200000.0,0.21,0.05,1,0,0,0,0,0,0,1,0,0,0,0,0,0,0,0,0,0,0,0,0,0,0,0,0,0,0,0,0,0,0,0,0,1,0,1,0,0,0,1,0,1,0,0,0,0,0,0,0,0,-15.66
S19S_0054-D,-77.0237,37.57261,5.0,71.0,29.1,6.7,40.0,1.0,1.0,3.0,12.3,NaN,6.99,11.45,22.9,4.1,3.1,30.1,25.7,44.2,6980000000.0,3520000.0,6980000000.0,5.12,0.5,0,1,0,0,0,0,0,0,0,0,0,0,0,0,0,0,0,0,0,0,0,0,0,0,0,0,0,0,1,0,0,0,0,1,0,1,0,0,0,0,1,0,0,0,0,0,0,1,0,0,-2448.32
S19S_0054-M,-77.0237,37.57267,5.0,71.0,29.1,6.7,35.0,1.0,1.0,3.0,82.3,NaN,8.24,13.72,28.6,8.8,0.8,38.2,13.1,48.7,10200000000.0,360000000.0,9870000000.0,4.33,0.36,0,1,0,0,0,0,0,0,0,0,0,0,0,0,0,0,0,0,0,0,0,0,0,0,0,0,0,0,1,0,0,0,0,1,0,1,0,0,0,0,1,0,0,0,0,0,0,1,0,0,-2675.86
S19S_0054-U,-77.02396,37.5728,5.0,71.0,29.1,6.7,40.0,1.0,2.0,2.0,12.77,NaN,8.07,14.2,10.9,1.1,1.9,13.9,0.0,86.1,5350000000.0,9300000.0,5340000000.0,5.97,0.46,0,1,0,0,0,0,0,0,0,0,0,0,0,0,0,0,0,0,0,0,0,0,0,0,0,0,0,0,1,0,0,0,0,1,0,1,0,0,0,0,1,0,0,0,0,0,0,1,0,0,-2907.84
S19S_0055-D,-117.180863,46.732428,NaN,NaN,20.1,7.5,30.0,4.0,1.0,2.0,14.26,-27.84,6.05,27.68,15.7,1.9,61.4,79.0,9.5,11.5,4110000000.0,70700000.0,4030000000.0,2.37,0.23,0,1,0,0,0,0,1,0,0,0,0,0,0,0,0,0,0,0,0,0,0,0,0,0,0,0,0,0,0,0,0,0,0,1,0,1,0,0,1,0,0,0,0,0,0,0,0,1,0,0,-1515.51
S19S_0055-M,-117.180621,46.732323,NaN,NaN,20.1,7.5,38.0,2.0,1.0,2.0,12.14,-27.73,16.29,19.72,6.2,2.8,70.5,79.5,11.3,9.2,1290000000.0,65900000.0,1220000000.0,2.86,0.22,0,1,0,0,0,0,1,0,0,0,0,0,0,0,0,0,0,0,0,0,0,0,0,0,0,0,0,0,0,0,0,0,0,1,0,1,0,0,1,0,0,1,0,0,0,0,0,0,0,0,-97.9
S19S_0055-U,-117.180384,46.7322206,NaN,NaN,20.1,7.5,40.0,3.0,1.0,2.0,8.08,-26.67,18.88,23.65,3.8,2.4,85.9,92.1,1.8,6.1,1950000000.0,10000000.0,1940000000.0,0.8,0.1,0,1,0,0,0,0,1,0,0,0,0,0,0,0,0,0,0,0,0,0,0,0,0,0,0,0,0,0,0,0,0,0,0,1,0,1,0,0,1,0,0,0,0,0,0,0,0,1,0,0,-33.71
S19S_0059-D,-117.3915976,48.16874998,NaN,NaN,11.0,6.5,5.2,4.0,1.0,1.0,3.48,-26.85,20.46,37.02,19.3,15.3,41.3,75.9,2.2,21.9,63800000.0,1540000.0,62300000.0,4.55,0.16,0,1,0,0,0,0,0,0,0,0,0,0,0,0,0,0,0,0,0,0,0,0,0,0,0,0,0,1,0,0,0,0,0,1,0,0,1,0,0,1,0,0,0,0,0,1,0,0,0,0,-1413.77
S19S_0059-M,-117.3913007,48.16841972,NaN,NaN,11.0,6.5,8.5,4.0,1.0,1.0,8.0,-28.61,25.61,22.84,27.6,18.9,2.2,48.7,51.3,0.0,211000000.0,14300000.0,197000000.0,18.38,0.68,0,1,0,0,0,0,0,0,0,0,0,0,0,0,0,0,0,0,0,0,0,0,0,0,0,0,0,1,0,0,0,0,0,1,0,0,1,0,0,1,0,0,0,0,0,1,0,0,0,0,-42.76
S19S_0059-U,-117.3903992,48.16859001,NaN,NaN,11.0,6.5,5.1,4.0,1.0,1.0,5.77,-27.29,13.95,41.07,32.7,16.8,15.0,64.5,35.5,0.0,156000000.0,3100000.0,153000000.0,10.48,0.39,0,1,0,0,0,0,0,0,0,0,0,0,0,0,0,0,0,0,0,0,0,0,0,0,0,0,0,1,0,0,0,0,0,1,0,0,1,0,0,1,0,0,0,0,0,1,0,0,0,0,-19.87
S19S_0060-D,-119.4768203,46.2531882,13.31,161.9,25.6,8.0,34.0,2.0,3.0,2.0,6.45,-27.64,11.1,10.74,43.0,39.0,4.3,86.3,0.0,13.7,369000000.0,7850000.0,362000000.0,0.89,0.12,0,1,0,0,0,0,1,0,0,0,0,0,0,0,0,0,0,0,0,0,0,0,0,0,0,0,0,0,0,0,0,0,0,0,1,1,0,0,1,0,0,0,0,0,0,0,0,1,0,0,-16.99
S19S_0060-M,-119.4769597,46.253117,13.31,161.9,25.6,8.0,49.0,2.0,3.0,2.0,4.68,-26.95,10.81,10.32,22.2,62.5,3.2,87.9,0.0,12.1,1080000000.0,137000000.0,940000000.0,0.52,0.08,0,1,0,0,0,0,1,0,0,0,0,0,0,0,0,0,0,0,0,0,0,0,0,0,0,0,0,0,0,0,0,0,0,0,1,1,0,0,1,0,0,0,0,0,0,0,0,1,0,0,-5.77
S19S_0060-U,-119.4772256,46.2530248,13.31,161.9,25.6,8.0,52.0,1.0,3.0,2.0,4.87,-25.82,8.0,6.2,8.2,41.4,45.0,94.6,5.4,0.0,231000000.0,9880000.0,222000000.0,0.18,0.08,0,1,0,0,0,0,1,0,0,0,0,0,0,0,0,0,0,0,0,0,0,0,0,0,0,0,0,0,0,0,0,0,0,0,1,1,0,0,1,0,0,0,0,0,0,0,0,1,0,0,-3.65
S19S_0061-D,-89.6407,43.1095,7.56,78.0,16.9,7.5,78.0,2.0,2.0,1.0,11.04,NaN,19.99,17.25,20.9,2.3,2.6,25.8,58.7,15.5,1710000000.0,69100000.0,1640000000.0,11.7,0.75,0,1,0,0,0,0,0,0,0,0,0,0,0,0,0,0,0,0,0,0,0,0,0,0,0,0,0,0,0,0,1,0,0,0,1,1,0,0,0,0,1,0,0,0,0,0,0,1,0,0,-1953.6
S19S_0061-M,-89.6405,43.1095,7.56,78.0,16.9,7.5,42.0,3.0,2.0,1.0,12.59,-24.57,28.87,21.79,17.0,2.3,1.2,20.5,44.0,35.5,2310000000.0,97800000.0,2210000000.0,5.14,0.34,0,1,0,0,0,0,0,0,0,0,0,0,0,0,0,0,0,0,0,0,0,0,0,0,0,0,0,0,0,0,1,0,0,0,1,1,0,0,0,0,1,0,0,0,0,0,0,1,0,0,-1939.15
S19S_0062-D,-106.950417,38.544583,NaN,NaN,14.2,7.5,36.0,1.0,1.0,1.0,5.71,-27.94,8.31,5.45,0.0,0.0,0.0,0.0,0.0,100.0,994000000.0,15500000.0,978000000.0,0.19,0.05,0,1,0,0,0,0,0,1,0,0,0,0,0,0,0,0,0,0,0,0,0,0,0,0,0,0,0,0,0,0,0,0,0,0,1,0,1,0,1,0,0,0,0,1,0,0,0,0,0,0,-2.37
S19S_0062-M,-106.950472,38.544667,NaN,NaN,14.2,7.5,42.0,1.0,1.0,1.0,2.76,-28.8,7.86,8.54,17.2,42.7,22.6,82.5,0.0,17.5,1370000000.0,13900000.0,1350000000.0,0.27,0.1,0,1,0,0,0,0,0,1,0,0,0,0,0,0,0,0,0,0,0,0,0,0,0,0,0,0,0,0,0,0,0,0,0,0,1,0,1,0,1,0,0,0,0,1,0,0,0,0,0,0,-21.63
S19S_0062-U,-106.950056,38.544778,NaN,NaN,14.2,7.5,40.0,1.0,1.0,1.0,5.45,-28.85,7.0,6.47,17.4,38.0,35.3,90.7,9.3,0.0,1140000000.0,29500000.0,1110000000.0,0.34,0.11,0,1,0,0,0,0,0,1,0,0,0,0,0,0,0,0,0,0,0,0,0,0,0,0,0,0,0,0,0,0,0,0,0,0,1,0,1,0,1,0,0,0,0,1,0,0,0,0,0,0,-1.68
S19S_0063-D,-97.709399,30.250335,NaN,NaN,24.0,7.5,20.0,1.0,2.0,1.0,4.27,-0.93,6.4,14.32,13.8,47.1,33.1,94.0,5.9,0.1,898000000.0,21300000.0,877000000.0,2.52,0.1,0,1,0,0,0,0,0,0,0,0,0,0,1,0,0,0,0,0,0,0,0,0,0,0,0,0,0,0,0,0,0,0,0,1,0,1,0,0,1,0,0,0,0,1,0,0,0,0,0,0,-1.29
S19S_0063-M,-97.70953,30.250384,NaN,NaN,24.0,7.5,35.0,1.0,2.0,1.0,3.39,-2.46,4.69,5.03,14.7,40.5,37.0,92.2,7.8,0.0,1230000000.0,9000000.0,1220000000.0,2.84,0.1,0,1,0,0,0,0,0,0,0,0,0,0,1,0,0,0,0,0,0,0,0,0,0,0,0,0,0,0,0,0,0,0,0,1,0,1,0,0,1,0,0,0,0,1,0,0,0,0,0,0,-2.02
S19S_0063-U,-97.709566,30.250278,NaN,NaN,24.0,7.5,40.0,1.0,2.0,1.0,NaN,-2.77,5.55,3.43,8.6,22.1,58.2,88.9,0.0,11.1,4410000000.0,62000000.0,4350000000.0,1.95,0.04,0,1,0,0,0,0,0,0,0,0,0,0,1,0,0,0,0,0,0,0,0,0,0,0,0,0,0,0,0,0,0,0,0,1,0,1,0,0,1,0,0,0,0,1,0,0,0,0,0,0,-1.67
S19S_0064-D,-78.00803,40.61043,NaN,80.7,23.5,7.7,34.0,3.0,1.0,2.0,NaN,NaN,5.55,25.59,NaN,NaN,NaN,NaN,NaN,NaN,3120000000.0,273000000.0,2850000000.0,NaN,NaN,0,1,0,0,0,0,1,0,0,0,0,0,0,0,0,0,0,0,0,0,0,0,0,0,0,0,0,0,0,0,0,0,0,0,1,1,0,0,1,0,0,0,0,1,0,0,0,0,0,0,-74.17
S19S_0064-M,-78.00808,40.64061,NaN,80.7,23.5,7.7,11.0,3.0,2.0,2.0,9.43,-27.2,28.13,21.81,14.8,11.8,24.3,50.9,14.6,34.5,3960000000.0,249000000.0,3710000000.0,1.48,0.18,0,1,0,0,0,0,1,0,0,0,0,0,0,0,0,0,0,0,0,0,0,0,0,0,0,0,0,0,0,0,0,0,0,0,1,1,0,0,1,0,0,0,0,1,0,0,0,0,0,0,-64.33
S19S_0064-U,-78.00688,40.61507,NaN,80.7,23.5,7.7,35.0,4.0,1.0,1.0,8.1,-20.96,9.33,13.79,14.5,3.4,49.3,67.2,0.9,31.9,312000000.0,4730000.0,308000000.0,0.82,0.15,0,1,0,0,0,0,1,0,0,0,0,0,0,0,0,0,0,0,0,0,0,0,0,0,0,0,0,0,0,0,0,0,0,0,1,1,0,0,1,0,0,0,0,0,0,0,0,1,0,0,-24.54
S19S_0066-D,-106.643178,35.19845,NaN,NaN,31.2,6.5,9.0,1.0,1.0,1.0,-24.86,-19.64,16.41,4.19,15.0,6.9,64.8,86.7,4.8,8.5,NaN,NaN,NaN,0.17,0.07,0,1,0,0,0,0,0,0,0,0,0,0,0,0,0,0,0,0,0,0,0,0,0,0,0,0,0,0,0,0,1,1,0,0,0,1,0,0,0,1,0,1,0,0,0,0,0,0,0,0,-2.71
S19S_0066-M,-106.643131,35.198511,NaN,NaN,31.2,6.5,10.0,3.0,1.0,1.0,-2.62,-14.09,19.7,24.13,21.2,29.0,0.6,50.8,23.8,25.4,NaN,NaN,NaN,1.98,0.09,0,1,0,0,0,0,0,0,0,0,0,0,0,0,0,0,0,0,0,0,0,0,0,0,0,0,0,0,0,0,1,1,0,0,0,1,0,0,0,1,0,0,0,0,0,0,0,1,0,0,-2086.43
S19S_0066-U,-106.643074,35.198601,NaN,NaN,31.2,6.5,5.0,4.0,2.0,2.0,3.48,NaN,17.72,15.42,27.4,3.5,0.5,31.4,27.0,41.6,NaN,NaN,NaN,2.19,0.15,0,1,0,0,0,0,0,0,0,0,0,0,0,0,0,0,0,0,0,0,0,0,0,0,0,0,0,0,0,0,1,1,0,0,0,1,0,0,0,1,0,0,0,0,0,0,0,1,0,0,-2610.28
S19S_0067-D,-85.35412,42.3921,9.17,104.4,20.63,7.5,8.0,2.0,1.0,1.0,15.32,NaN,14.72,24.32,22.9,7.6,3.1,33.6,66.4,0.0,1080000000.0,216000000.0,862000000.0,22.63,1.65,0,1,0,0,0,0,0,0,0,0,0,0,0,0,0,0,0,0,0,0,0,0,0,0,0,0,0,0,0,0,1,0,0,1,0,1,0,0,1,0,0,0,0,1,0,0,0,0,0,0,-988.01
S19S_0067-M,-85.354,42.39201,9.17,104.4,20.63,7.5,15.0,1.0,2.0,1.0,12.38,NaN,26.3,21.66,11.8,12.6,25.6,50.0,50.0,0.0,146000000.0,28600000.0,118000000.0,13.66,1.02,0,1,0,0,0,0,0,0,0,0,0,0,0,0,0,0,0,0,0,0,0,0,0,0,0,0,0,0,0,0,1,0,0,1,0,1,0,0,1,0,0,0,0,1,0,0,0,0,0,0,-1821.88
S19S_0067-U,-85.35402,42.39193,9.17,104.4,20.63,7.5,4.0,2.0,2.0,1.0,4.39,-14.7,22.1,29.74,14.7,55.4,14.9,85.0,15.0,0.0,221000000.0,54100000.0,167000000.0,1.19,0.12,0,1,0,0,0,0,0,0,0,0,0,0,0,0,0,0,0,0,0,0,0,0,0,0,0,0,0,0,0,0,1,0,0,1,0,1,0,0,1,0,0,0,0,1,0,0,0,0,0,0,-2260.74
S19S_0067-U,-85.35402,42.39193,9.17,104.4,20.63,7.5,4.0,2.0,2.0,1.0,4.39,-14.7,22.1,46.59,14.7,55.4,14.9,85.0,15.0,0.0,221000000.0,54100000.0,167000000.0,1.19,0.12,0,1,0,0,0,0,0,0,0,0,0,0,0,0,0,0,0,0,0,0,0,0,0,0,0,0,0,0,0,0,1,0,0,1,0,1,0,0,1,0,0,0,0,1,0,0,0,0,0,0,-2260.74
S19S_0068-U,-122.257915,44.207269,NaN,NaN,14.7,6.0,2.0,4.0,1.0,1.0,4.34,-30.08,8.78,8.71,9.7,12.3,35.5,57.5,17.8,24.7,2980000000.0,177000000.0,2800000000.0,1.22,0.14,1,0,0,0,0,0,0,0,0,0,0,0,0,0,0,0,0,0,0,0,0,0,0,0,1,0,0,0,0,0,0,1,0,0,0,0,1,0,1,0,0,0,0,0,0,1,0,0,0,0,-2.71
S19S_0069-D,-123.735151,39.362202,NaN,NaN,15.0,6.5,5.0,3.0,1.0,1.0,2.06,-28.04,9.07,9.2,16.5,24.0,36.9,77.4,0.0,22.6,325000000.0,1260000.0,324000000.0,0.29,0.09,0,1,0,0,0,0,0,0,0,0,0,0,0,0,0,0,0,0,0,0,0,0,0,0,1,0,0,0,0,0,0,0,0,0,1,0,1,0,1,0,0,0,0,1,0,0,0,0,0,0,-0.99
S19S_0069-M,-123.734753,39.362129,NaN,NaN,15.0,6.5,4.0,3.0,1.0,1.0,8.55,-29.42,6.77,5.33,20.3,25.4,25.8,71.5,8.6,19.9,211000000.0,574000.0,210000000.0,0.33,0.07,0,1,0,0,0,0,0,0,0,0,0,0,0,0,0,0,0,0,0,0,0,0,0,0,1,0,0,0,0,0,0,0,0,0,1,0,1,0,1,0,0,0,0,0,0,0,0,1,0,0,-1.09
S19S_0069-U,-123.734848,39.362343,NaN,NaN,15.0,6.5,5.5,3.0,1.0,1.0,0.34,-26.58,8.75,6.22,15.4,27.2,33.8,76.4,9.5,14.1,154000000.0,1050000.0,153000000.0,0.31,0.09,0,1,0,0,0,0,0,0,0,0,0,0,0,0,0,0,0,0,0,0,0,0,0,0,1,0,0,0,0,0,0,0,0,0,1,0,1,0,1,0,0,0,0,0,0,1,0,0,0,0,-1.4
S19S_0070-D,-123.752414,39.339914,NaN,NaN,16.0,6.5,5.5,3.0,1.0,1.0,1.49,-28.43,6.83,8.06,16.5,19.2,27.4,63.1,7.9,29.0,452000000.0,968000.0,451000000.0,0.85,0.13,0,1,0,0,0,0,0,0,0,0,0,0,0,0,0,0,0,0,0,0,0,0,0,0,0,1,0,0,0,0,0,0,0,0,1,0,1,0,1,0,0,0,0,0,0,0,0,1,0,0,-1.55
S19S_0070-M,-123.752441,39.339892,NaN,NaN,16.0,6.5,6.0,3.0,1.0,1.0,4.56,-27.54,8.77,8.6,13.5,16.9,33.8,64.2,5.4,30.4,2870000000.0,464000.0,2870000000.0,0.64,0.12,0,1,0,0,0,0,0,0,0,0,0,0,0,0,0,0,0,0,0,0,0,0,0,0,0,1,0,0,0,0,0,0,0,0,1,0,1,0,1,0,0,0,0,0,0,0,1,0,0,0,-1.78
S19S_0070-U,-123.752011,39.339682,NaN,NaN,16.0,6.5,4.0,3.0,1.0,1.0,2.35,-28.99,7.71,5.62,24.3,21.2,25.6,71.1,0.8,28.1,388000000.0,426000.0,387000000.0,0.6,0.12,0,1,0,0,0,0,0,0,0,0,0,0,0,0,0,0,0,0,0,0,0,0,0,0,0,1,0,0,0,0,0,0,0,0,1,0,1,0,1,0,0,0,0,0,0,0,0,1,0,0,-3.32
S19S_0071-D,-105.458575,40.012917,NaN,NaN,11.5,7.0,9.0,4.0,3.0,2.0,5.9,-29.46,14.11,21.59,12.2,15.5,46.1,73.8,5.8,20.4,557000000.0,39800000.0,517000000.0,4.7,0.26,1,0,0,0,0,0,0,0,0,0,0,0,0,0,0,0,0,0,1,0,0,0,0,0,0,0,0,0,0,0,0,0,0,1,0,0,1,0,1,0,0,0,0,0,0,1,0,0,0,0,-48.59
S19S_0071-M,-105.4589026,40.0128376,NaN,NaN,11.5,7.0,10.0,4.0,3.0,2.0,NaN,-27.52,17.7,20.39,7.0,13.6,67.3,87.9,10.2,1.9,445000000.0,22800000.0,422000000.0,1.7,0.09,1,0,0,0,0,0,0,0,0,0,0,0,0,0,0,0,0,0,1,0,0,0,0,0,0,0,0,0,0,0,0,0,0,1,0,0,1,0,1,0,0,1,0,0,0,0,0,0,0,0,-82.62
S19S_0071-U,-105.4588818,40.0129961,NaN,NaN,11.5,7.0,8.2,3.0,3.0,2.0,6.72,-27.39,18.19,31.58,15.4,25.2,41.1,81.7,18.3,0.0,2140000000.0,12900000.0,2130000000.0,2.17,0.19,1,0,0,0,0,0,0,0,0,0,0,0,0,0,0,0,0,0,1,0,0,0,0,0,0,0,0,0,0,0,0,0,0,1,0,0,1,0,1,0,0,0,0,0,0,1,0,0,0,0,-17.66
S19S_0072-D,-71.1848201,42.5235645,8.19,87.4,18.5,6.0,19.0,3.0,1.0,1.0,-1.16,-28.21,9.17,8.19,6.9,41.4,47.5,95.8,4.2,0.0,124000000.0,30600000.0,93200000.0,0.25,0.08,0,1,0,0,0,0,0,0,0,0,0,0,0,0,0,0,0,0,0,0,0,0,0,0,1,0,0,0,0,0,0,0,0,1,0,1,0,0,0,1,0,0,0,0,0,1,0,0,0,0,-3.46
S19S_0072-M,-71.18851406,42.5235479,8.19,87.4,18.5,6.0,21.0,3.0,1.0,1.0,2.54,-29.27,9.34,8.9,3.4,12.9,78.8,95.1,4.9,0.0,76700000.0,26700000.0,50000000.0,0.38,0.09,0,1,0,0,0,0,0,0,0,0,0,0,0,0,0,0,0,0,0,0,0,0,0,0,1,0,0,0,0,0,0,0,0,1,0,1,0,0,0,1,0,0,0,1,0,0,0,0,0,0,-3.65
S19S_0072-U,-71.1854501,42.5233858,8.19,87.4,18.5,6.0,16.0,3.0,1.0,1.0,6.71,-28.22,9.88,10.87,10.1,24.3,60.7,95.1,4.9,0.0,278000000.0,80300000.0,198000000.0,0.8,0.17,0,1,0,0,0,0,0,0,0,0,0,0,0,0,0,0,0,0,0,0,0,0,0,0,1,0,0,0,0,0,0,0,0,1,0,1,0,0,0,1,0,0,0,1,0,0,0,0,0,0,-21.22
S19S_0073-D,-70.9164986,42.7688065,6.41,66.2,16.9,6.5,32.0,4.0,1.0,1.0,6.49,NaN,15.53,24.75,43.6,7.0,0.6,51.2,48.8,0.0,331000000.0,40600000.0,290000000.0,8.57,0.48,0,1,0,0,0,0,0,1,0,0,0,0,0,0,0,0,0,0,0,0,0,0,0,0,0,0,0,0,0,0,0,0,0,1,0,1,0,0,0,0,1,0,0,0,0,1,0,0,0,0,-82.36
S19S_0073-M,-70.9167967,42.7694593,6.41,66.2,16.9,6.5,32.0,4.0,1.0,1.0,9.61,NaN,24.08,21.83,32.1,4.4,2.1,38.6,61.4,0.0,154000000.0,29000000.0,125000000.0,7.25,0.41,0,1,0,0,0,0,0,1,0,0,0,0,0,0,0,0,0,0,0,0,0,0,0,0,0,0,0,0,0,0,0,0,0,1,0,1,0,0,0,0,1,0,0,0,0,1,0,0,0,0,-77.62
S19S_0074-D,-119.272998,46.376172,NaN,NaN,11.0,6.5,23.0,1.0,1.0,1.0,5.7,-26.41,12.84,20.7,19.6,47.3,26.2,93.1,6.9,0.0,NaN,NaN,NaN,0.31,0.1,0,1,0,0,0,0,0,0,0,0,0,0,0,0,0,0,0,0,0,0,0,0,0,0,0,0,0,0,1,0,0,0,0,0,1,1,0,0,0,1,0,0,0,0,0,0,0,1,0,0,-5.14
S19S_0074-M,-119.272953,46.376303,NaN,NaN,11.0,6.5,23.0,1.0,1.0,1.0,-0.73,-26.71,11.37,21.2,26.2,52.5,14.4,93.1,1.8,5.1,NaN,NaN,NaN,0.18,0.06,0,1,0,0,0,0,0,0,0,0,0,0,0,0,0,0,0,0,0,0,0,0,0,0,0,0,0,0,1,0,0,0,0,0,1,1,0,0,0,1,0,0,0,0,0,0,0,1,0,0,-2.89
S19S_0074-U,-119.272955,46.376327,NaN,NaN,11.0,6.5,23.0,1.0,1.0,1.0,1.6,-27.03,9.67,6.79,19.1,59.0,17.0,95.1,4.9,0.0,NaN,NaN,NaN,0.19,0.08,0,1,0,0,0,0,0,0,0,0,0,0,0,0,0,0,0,0,0,0,0,0,0,0,0,0,0,0,1,0,0,0,0,0,1,1,0,0,0,1,0,0,0,0,0,0,0,1,0,0,-5.0
S19S_0075-D,-119.465555,46.694742,NaN,NaN,11.0,6.5,28.0,1.0,2.0,1.0,-1.78,-25.85,9.6,9.99,10.2,56.7,27.2,94.1,5.9,0.0,NaN,NaN,NaN,0.59,0.11,0,1,0,0,0,0,0,0,0,0,0,0,0,0,0,0,0,0,0,0,0,0,0,0,0,0,0,0,0,0,1,0,0,0,1,1,0,0,1,0,0,0,0,0,0,0,0,1,0,0,-3.99
S19S_0075-M,-119.465591,46.694842,NaN,NaN,11.0,6.5,37.0,1.0,2.0,1.0,2.85,-24.77,8.98,8.27,6.5,34.4,50.5,91.4,8.6,0.0,NaN,NaN,NaN,0.25,0.1,0,1,0,0,0,0,0,0,0,0,0,0,0,0,0,0,0,0,0,0,0,0,0,0,0,0,0,0,0,0,1,0,0,0,1,1,0,0,1,0,0,0,0,0,0,0,0,1,0,0,-0.75
S19S_0075-U,-119.465706,46.694858,NaN,NaN,11.0,6.5,33.0,1.0,2.0,1.0,6.82,-25.87,8.28,8.01,5.7,40.5,46.2,92.4,7.6,0.0,NaN,NaN,NaN,0.34,0.1,0,1,0,0,0,0,0,0,0,0,0,0,0,0,0,0,0,0,0,0,0,0,0,0,0,0,0,0,0,0,1,0,0,0,1,1,0,0,1,0,0,0,0,0,0,0,0,1,0,0,-1.3
S19S_0076-D,-119.462605,46.679191,NaN,NaN,14.0,6.5,27.0,1.0,2.0,1.0,6.72,-24.29,23.34,12.18,29.5,60.0,3.1,92.6,7.4,0.0,78700000.0,8610000.0,70100000.0,0.7,0.14,1,0,0,0,0,0,0,0,0,0,0,0,0,1,0,0,0,0,0,0,0,0,0,0,0,0,0,0,0,0,0,1,0,0,0,1,0,0,0,0,1,0,0,0,0,0,0,1,0,0,-15.42
S19S_0076-M,-119.46257,46.679318,NaN,NaN,14.0,6.5,26.0,1.0,2.0,1.0,5.15,-24.26,37.43,40.62,39.5,45.7,1.7,86.9,2.4,10.7,476000000.0,24800000.0,451000000.0,0.71,0.12,1,0,0,0,0,0,0,0,0,0,0,0,0,1,0,0,0,0,0,0,0,0,0,0,0,0,0,0,0,0,0,1,0,0,0,1,0,0,0,0,1,0,0,0,0,0,0,1,0,0,-11.67
S19S_0076-U,-119.462645,46.679398,NaN,NaN,14.0,6.5,26.0,1.0,2.0,1.0,1.34,-24.35,50.08,10.34,18.3,68.2,2.1,88.6,11.4,0.0,1060000000.0,19500000.0,1040000000.0,0.67,0.13,1,0,0,0,0,0,0,0,0,0,0,0,0,1,0,0,0,0,0,0,0,0,0,0,0,0,0,0,0,0,0,1,0,0,0,1,0,0,0,0,1,0,0,0,0,0,0,1,0,0,-22.07
S19S_0077-D,-105.223141,40.66403,NaN,NaN,18.0,6.5,16.0,1.0,1.0,1.0,0.35,-28.33,8.83,16.38,6.5,15.7,75.3,97.5,2.5,0.0,265000000.0,12800000.0,252000000.0,0.19,0.08,0,1,0,0,0,0,0,0,0,0,0,0,0,0,0,0,0,0,0,0,0,0,0,0,0,0,0,0,0,0,1,0,0,0,1,1,0,0,1,0,0,1,0,0,0,0,0,0,0,0,-5.17
S19S_0077-M,-105.223622,40.664282,NaN,NaN,18.0,6.5,23.0,1.0,1.0,1.0,-12.8,-28.31,12.2,8.52,6.6,13.4,73.6,93.6,6.4,0.0,453000000.0,5890000.0,447000000.0,0.12,0.08,0,1,0,0,0,0,0,0,0,0,0,0,0,0,0,0,0,0,0,0,0,0,0,0,0,0,0,0,0,0,1,0,0,0,1,1,0,0,1,0,0,0,0,0,0,0,1,0,0,0,-3.91
S19S_0077-U,-105.224786,40.664703,NaN,NaN,18.0,6.5,29.0,1.0,1.0,1.0,-12.18,-27.21,8.93,4.88,9.7,15.8,69.7,95.2,2.7,2.1,137000000.0,7300000.0,130000000.0,0.23,0.08,0,1,0,0,0,0,0,0,0,0,0,0,0,0,0,0,0,0,0,0,0,0,0,0,0,0,0,0,0,0,1,0,0,0,1,1,0,0,1,0,0,0,0,0,0,0,0,1,0,0,-4.97
S19S_0080-D,-106.681374,34.950811,6.66,76.9,22.7,8.11,10.0,1.0,1.0,2.0,3.04,-27.19,16.02,3.96,87.2,2.8,1.0,91.0,0.0,9.0,880000000.0,7430000.0,873000000.0,0.56,0.07,0,0,0,0,0,0,0,1,0,0,0,0,0,0,0,0,0,0,0,0,0,0,0,0,0,0,0,0,0,0,0,1,0,0,0,1,0,0,0,0,1,0,0,0,0,1,0,0,0,0,-3.21
S19S_0080-M,-106.681271,34.950833,6.66,76.9,22.7,8.11,5.0,1.0,1.0,2.0,-0.19,-19.64,6.2,5.68,41.7,30.8,10.5,83.0,14.5,2.5,106000000.0,7550000.0,98800000.0,0.71,0.08,0,0,0,0,0,0,0,1,0,0,0,0,0,0,0,0,0,0,0,0,0,0,0,0,0,0,0,0,0,0,0,1,0,0,0,1,0,0,0,0,1,0,0,0,0,1,0,0,0,0,-20.32
S19S_0080-U,-106.681382,34.950903,6.66,76.9,22.7,8.11,10.0,1.0,1.0,2.0,3.94,-20.3,16.12,20.65,66.2,3.2,2.1,71.5,0.8,27.7,967000000.0,4040000.0,962000000.0,1.98,0.13,0,0,0,0,0,0,0,1,0,0,0,0,0,0,0,0,0,0,0,0,0,0,0,0,0,0,0,0,0,0,0,1,0,0,0,1,0,0,0,0,1,0,0,0,0,1,0,0,0,0,-35.76
S19S_0081-U,-76.9259674,38.9603293,NaN,NaN,27.0,6.5,23.5,1.0,1.0,1.0,1.32,-20.74,20.27,24.22,4.0,23.5,67.9,95.4,4.6,0.0,284000000.0,16500000.0,267000000.0,0.44,0.07,0,1,1,0,0,0,0,0,0,0,0,0,0,0,0,0,0,0,0,0,0,0,0,0,0,0,0,0,0,0,0,0,0,0,1,0,1,0,1,0,0,0,0,1,0,0,0,0,0,0,-19.2
S19S_0082-D,-76.5465418,38.8748619,NaN,NaN,31.4,7.0,40.0,1.0,3.0,1.0,15.41,NaN,51.73,17.91,5.7,4.7,6.3,16.7,42.6,40.7,1710000000.0,26200000.0,1680000000.0,9.75,0.71,0,1,0,0,0,0,0,0,0,0,0,0,0,1,0,0,0,0,0,0,0,0,0,0,0,0,0,0,0,0,0,0,0,1,0,1,0,0,0,0,1,0,0,0,1,0,0,0,0,0,-34.83
S19S_0082-M,-76.5464751,38.8748139,NaN,NaN,31.4,7.0,40.0,1.0,3.0,1.0,13.97,NaN,22.8,20.54,10.7,2.6,4.7,18.0,82.0,0.0,797000000.0,56300000.0,741000000.0,11.4,0.82,0,1,0,0,0,0,0,0,0,0,0,0,0,1,0,0,0,0,0,0,0,0,0,0,0,0,0,0,0,0,0,0,0,1,0,1,0,0,0,0,1,0,0,0,1,0,0,0,0,0,-37.03
S19S_0082-U,-76.5464942,38.8749661,NaN,NaN,31.4,7.0,60.0,1.0,3.0,1.0,13.7,NaN,14.44,22.25,10.8,3.4,2.3,16.5,83.5,0.0,2850000000.0,182000000.0,2670000000.0,11.14,0.87,0,1,0,0,0,0,0,0,0,0,0,0,0,1,0,0,0,0,0,0,0,0,0,0,0,0,0,0,0,0,0,0,0,1,0,1,0,0,0,0,1,0,0,0,1,0,0,0,0,0,-81.84
S19S_0083-D,-88.3227,40.31083,NaN,NaN,25.4,7.5,7.0,2.0,2.0,1.0,5.92,-13.96,4.78,9.6,1.9,19.7,67.7,89.3,8.3,2.4,616000000.0,6990000.0,609000000.0,0.67,0.11,0,1,1,0,0,0,0,0,0,0,0,0,0,0,0,0,0,0,0,0,0,0,0,0,0,0,0,0,0,0,0,0,0,1,0,1,0,0,0,1,0,0,0,0,0,0,0,1,0,0,-14.63
S19S_0083-M,-88.3227,40.31083,NaN,NaN,25.4,7.5,6.0,4.0,2.0,1.0,11.69,-17.71,13.03,17.88,6.9,3.9,12.2,23.0,53.5,23.5,1750000000.0,24400000.0,1720000000.0,3.52,0.28,0,1,1,0,0,0,0,0,0,0,0,0,0,0,0,0,0,0,0,0,0,0,0,0,0,0,0,0,0,0,0,0,0,1,0,1,0,0,0,1,0,0,0,0,0,0,0,1,0,0,-23.85
S19S_0083-U,-88.3227,40.31083,NaN,NaN,25.4,7.5,5.5,3.0,1.0,1.0,9.91,-16.51,12.25,23.29,7.1,5.2,27.3,39.6,60.4,0.0,4290000000.0,365000000.0,3920000000.0,2.68,0.19,0,1,1,0,0,0,0,0,0,0,0,0,0,0,0,0,0,0,0,0,0,0,0,0,0,0,0,0,0,0,0,0,0,1,0,1,0,0,0,1,0,1,0,0,0,0,0,0,0,0,-73.45
S19S_0084-D,-71.722778,43.954722,NaN,NaN,17.2,6.0,10.0,4.0,1.0,1.0,NaN,NaN,11.47,9.65,NaN,NaN,NaN,NaN,NaN,NaN,NaN,NaN,NaN,NaN,NaN,0,1,1,0,0,0,0,0,0,0,0,0,0,0,0,0,0,0,0,0,0,0,0,0,0,0,0,0,0,0,0,0,0,0,1,0,1,0,1,0,0,0,0,0,0,1,0,0,0,0,-3.47
S19S_0084-M,-71.722778,43.954722,NaN,NaN,17.2,6.0,16.0,4.0,1.0,1.0,3.8,-27.97,19.6,22.51,3.0,6.0,79.7,88.7,11.3,0.0,NaN,NaN,NaN,1.27,0.14,0,1,1,0,0,0,0,0,0,0,0,0,0,0,0,0,0,0,0,0,0,0,0,0,0,0,0,0,0,0,0,0,0,0,1,0,1,0,1,0,0,0,0,0,0,1,0,0,0,0,-4.24
S19S_0084-U,-71.722778,43.954722,NaN,NaN,17.2,6.0,12.0,4.0,1.0,1.0,6.91,NaN,11.07,10.62,5.8,7.6,81.0,94.4,0.0,5.6,186000000.0,17000000.0,169000000.0,NaN,NaN,0,1,1,0,0,0,0,0,0,0,0,0,0,0,0,0,0,0,0,0,0,0,0,0,0,0,0,0,0,0,0,0,0,0,1,0,1,0,1,0,0,0,0,0,0,1,0,0,0,0,-2.41
S19S_0085-D,-115.9902503,43.6479639,NaN,NaN,NaN,7.0,8.5,3.0,2.0,1.0,7.51,-30.21,11.4,17.21,5.2,7.8,81.3,94.3,5.7,0.0,189000000.0,9260000.0,180000000.0,0.17,0.14,0,1,0,0,0,0,0,1,0,0,0,0,0,0,0,0,0,0,0,0,0,0,0,0,0,0,0,0,0,0,0,0,0,1,0,1,0,0,1,0,0,0,0,0,0,0,0,1,0,0,-4.55
S19S_0085-M,-115.98908,43.64815,NaN,NaN,NaN,7.0,8.25,2.0,2.0,1.0,3.93,-26.46,12.07,16.71,6.9,4.7,80.7,92.3,3.2,4.5,108000000.0,3710000.0,104000000.0,0.19,0.09,0,1,0,0,0,0,0,1,0,0,0,0,0,0,0,0,0,0,0,0,0,0,0,0,0,0,0,0,0,0,0,0,0,1,0,1,0,0,1,0,0,0,0,0,0,0,0,1,0,0,-7.48
S19S_0085-U,-115.98891,43.64819,NaN,NaN,NaN,7.0,6.75,1.0,2.0,1.0,1.7,-32.27,12.57,31.34,7.4,6.9,83.4,97.7,2.3,0.0,342000000.0,10800000.0,331000000.0,0.19,0.05,0,1,0,0,0,0,0,1,0,0,0,0,0,0,0,0,0,0,0,0,0,0,0,0,0,0,0,0,0,0,0,0,0,1,0,1,0,0,1,0,0,0,0,0,0,0,0,1,0,0,-8.6
S19S_0086-D,-111.8064,40.7797,NaN,NaN,11.5,8.0,8.0,4.0,2.0,2.0,1.0,-13.01,13.44,12.92,NaN,NaN,NaN,NaN,NaN,NaN,NaN,NaN,NaN,3.35,0.11,0,1,0,0,0,0,0,1,0,0,0,0,0,0,0,0,0,0,0,0,0,0,0,0,0,0,0,0,0,0,0,0,0,1,0,0,1,0,1,0,0,0,0,0,0,0,0,1,0,0,-14.92
S19S_0086-M,-111.8054,40.7799,NaN,NaN,11.5,8.0,7.0,4.0,1.0,2.0,3.31,NaN,7.3,5.27,22.9,16.4,34.9,74.2,18.2,7.6,228000000.0,39100000.0,189000000.0,7.12,0.12,0,1,0,0,0,0,0,1,0,0,0,0,0,0,0,0,0,0,0,0,0,0,0,0,0,0,0,0,0,0,0,0,0,1,0,0,1,0,1,0,0,0,0,0,0,0,0,1,0,0,-3.07
S19S_0086-U,-111.8054,40.7801,NaN,NaN,11.5,8.0,5.0,2.0,2.0,2.0,7.38,-15.46,9.54,11.3,56.0,8.7,9.3,74.0,0.0,26.0,NaN,NaN,NaN,3.91,0.16,0,1,0,0,0,0,0,1,0,0,0,0,0,0,0,0,0,0,0,0,0,0,0,0,0,0,0,0,0,0,0,0,0,1,0,0,1,0,1,0,0,0,0,0,0,1,0,0,0,0,-52.27
S19S_0087-D,-116.7743431,43.1233451,NaN,NaN,17.1,7.25,3.0,3.0,1.0,1.0,4.09,-28.55,10.91,30.17,20.6,12.3,52.0,84.9,2.6,12.5,130000000.0,2300000.0,127000000.0,1.95,0.17,1,0,0,0,0,0,1,0,0,0,0,0,0,0,0,0,0,0,0,0,0,0,0,0,0,0,0,0,0,0,0,0,0,1,0,0,1,0,1,0,0,1,0,0,0,0,0,0,0,0,-991.01
S19S_0087-M,-116.7744702,43.1233625,NaN,NaN,17.1,7.25,2.0,4.0,1.0,1.0,8.03,-28.34,11.55,25.82,27.0,20.0,5.7,52.7,47.3,0.0,275000000.0,12400000.0,263000000.0,6.66,0.43,1,0,0,0,0,0,1,0,0,0,0,0,0,0,0,0,0,0,0,0,0,0,0,0,0,0,0,0,0,0,0,0,0,1,0,0,1,0,1,0,0,0,0,0,0,0,0,0,1,0,-38.08
S19S_0087-U,-116.7745057,43.1231912,NaN,NaN,17.1,7.25,2.0,2.0,1.0,1.0,3.29,-28.12,9.68,25.61,25.8,20.3,32.9,79.0,17.2,3.8,315000000.0,10700000.0,304000000.0,1.56,0.14,1,0,0,0,0,0,1,0,0,0,0,0,0,0,0,0,0,0,0,0,0,0,0,0,0,0,0,0,0,0,0,0,0,1,0,0,1,0,1,0,0,0,0,0,0,0,1,0,0,0,-35.52
S19S_0089-D,-80.44539,37.21008,9.95,118.6,20.8,7.0,15.0,1.0,1.0,2.0,11.6,-16.31,60.18,22.0,14.8,11.5,49.3,75.6,2.0,22.4,460000000.0,35000000.0,425000000.0,5.84,0.22,0,1,0,0,0,0,0,0,0,0,0,0,0,0,0,0,0,0,0,0,0,0,0,0,0,0,0,0,0,0,1,0,0,0,1,1,0,0,1,0,0,0,0,0,0,1,0,0,0,0,-1185.05
S19S_0089-M,-80.44529,37.21012,9.95,118.6,20.8,7.0,10.0,1.0,1.0,2.0,66.71,-13.29,41.86,33.07,13.0,13.1,56.9,83.0,6.1,10.9,3410000000.0,30100000.0,3380000000.0,4.23,0.19,0,1,0,0,0,0,0,0,0,0,0,0,0,0,0,0,0,0,0,0,0,0,0,0,0,0,0,0,0,0,1,0,0,0,1,1,0,0,1,0,0,0,0,0,0,0,0,1,0,0,-1138.3
S19S_0089-U,-80.44513,37.21014,9.95,118.6,20.8,7.0,10.0,1.0,1.0,2.0,3.97,-16.07,26.86,32.15,3.9,13.5,68.8,86.2,13.8,0.0,1040000000.0,29100000.0,1010000000.0,4.07,0.17,0,1,0,0,0,0,0,0,0,0,0,0,0,0,0,0,0,0,0,0,0,0,0,0,0,0,0,0,0,0,1,0,0,0,1,1,0,0,1,0,0,0,0,0,0,0,0,1,0,0,-47.16
S19S_0090-D,-75.930606,37.291383,5.8,65.0,22.9,6.5,6.0,4.0,1.0,1.0,6.88,-29.16,10.2,16.07,36.5,54.9,2.6,94.0,6.0,0.0,211000000.0,46100000.0,164000000.0,0.91,0.13,0,0,1,0,0,0,0,0,0,0,0,0,0,0,0,0,0,0,0,0,0,0,0,0,0,0,0,0,0,0,0,0,0,0,1,1,0,0,0,1,0,0,0,0,0,0,0,1,0,0,-43.22
S19S_0090-M,-75.930615,37.291374,5.8,65.0,22.9,6.5,3.0,4.0,1.0,1.0,0.51,-28.91,15.55,15.6,20.8,59.6,16.4,96.8,3.2,0.0,154000000.0,50100000.0,104000000.0,0.3,0.08,0,0,1,0,0,0,0,0,0,0,0,0,0,0,0,0,0,0,0,0,0,0,0,0,0,0,0,0,0,0,0,0,0,0,1,1,0,0,0,1,0,0,0,0,0,0,0,1,0,0,-3.79
S19S_0090-U,-75.930807,37.291396,5.8,65.0,22.9,6.5,5.0,4.0,1.0,1.0,3.26,-28.7,10.43,9.21,17.3,63.9,15.2,96.4,0.0,3.6,63500000.0,22400000.0,41100000.0,0.3,0.09,0,0,1,0,0,0,0,0,0,0,0,0,0,0,0,0,0,0,0,0,0,0,0,0,0,0,0,0,0,0,0,0,0,0,1,1,0,0,0,1,0,0,0,0,0,0,0,1,0,0,-3.97
S19S_0097-D,-111.8865,41.720847,NaN,126.0,16.9,8.49,7.5,1.0,2.0,2.0,9.88,-4.08,21.75,29.05,26.6,56.9,1.1,84.6,5.3,10.1,813000000.0,54000000.0,759000000.0,6.75,0.1,0,1,0,0,0,0,0,1,0,0,0,0,0,0,0,0,0,0,0,0,0,0,0,0,0,0,0,0,0,0,0,0,0,0,1,1,0,0,0,0,1,0,0,0,0,0,0,1,0,0,-58.67
S19S_0097-M,-111.886477,41.720805,NaN,126.0,16.9,8.49,25.0,1.0,3.0,2.0,12.64,NaN,15.79,16.42,61.5,24.4,0.8,86.7,12.3,1.0,1480000000.0,37100000.0,1450000000.0,5.01,0.15,0,1,0,0,0,0,0,1,0,0,0,0,0,0,0,0,0,0,0,0,0,0,0,0,0,0,0,0,0,0,0,0,0,0,1,1,0,0,0,0,1,0,0,0,0,0,0,1,0,0,-29.12
S19S_0097-U,-111.88642,41.720744,NaN,126.0,16.9,8.49,22.0,1.0,2.0,2.0,7.65,NaN,27.38,34.99,35.0,39.9,5.5,80.4,0.0,19.6,356000000.0,18000000.0,338000000.0,6.04,0.1,0,1,0,0,0,0,0,1,0,0,0,0,0,0,0,0,0,0,0,0,0,0,0,0,0,0,0,0,0,0,0,0,0,0,1,1,0,0,0,0,1,0,0,0,0,0,0,1,0,0,-1531.16
S19S_0098-D,-111.580533,41.950204,NaN,102.1,10.34,8.31,5.0,1.0,1.0,2.0,1.09,-23.39,37.11,31.86,52.0,32.8,7.2,92.0,0.0,8.0,NaN,NaN,NaN,0.52,0.08,0,1,0,0,0,0,0,0,0,0,0,0,0,0,0,0,0,0,0,0,0,0,0,0,0,0,0,1,0,0,0,0,0,0,1,0,1,0,1,0,0,0,0,0,0,0,0,1,0,0,-24.5
S19S_0098-M,-111.580451,41.950345,NaN,102.1,10.34,8.31,3.5,1.0,1.0,2.0,0.49,-23.99,36.26,38.7,27.7,56.0,9.0,92.7,1.8,5.5,NaN,NaN,NaN,0.45,0.09,0,1,0,0,0,0,0,0,0,0,0,0,0,0,0,0,0,0,0,0,0,0,0,0,0,0,0,1,0,0,0,0,0,0,1,0,1,0,1,0,0,0,0,0,0,0,0,1,0,0,-17.33
S19S_0098-U,-111.580465,41.950373,NaN,102.1,10.34,8.31,7.5,1.0,1.0,1.0,5.89,-22.79,24.45,29.44,22.0,64.3,9.5,95.8,0.0,4.2,NaN,NaN,NaN,0.48,0.13,0,1,0,0,0,0,0,0,0,0,0,0,0,0,0,0,0,0,0,0,0,0,0,0,0,0,0,1,0,0,0,0,0,0,1,0,1,0,1,0,0,0,0,0,0,0,0,1,0,0,-29.51
S19S_0099-D,-84.7119066,39.2385932,NaN,NaN,27.3,7.5,23.37,1.0,1.0,1.0,-2.11,-1.28,9.59,8.65,8.8,40.4,42.4,91.6,0.0,8.4,160000000.0,5470000.0,155000000.0,3.03,0.08,1,0,0,0,0,0,1,0,0,0,0,0,0,0,0,0,0,0,0,0,0,0,0,0,0,0,0,0,0,0,0,0,0,1,0,1,0,0,1,0,0,0,0,0,0,0,1,0,0,0,-5.57
S19S_0099-M,-84.7121004,39.2386399,NaN,NaN,27.3,7.5,19.2,1.0,1.0,1.0,-7.42,-2.45,16.7,14.18,9.1,34.5,47.9,91.5,8.5,0.0,68700000.0,9540000.0,59100000.0,3.63,0.08,1,0,0,0,0,0,1,0,0,0,0,0,0,0,0,0,0,0,0,0,0,0,0,0,0,0,0,0,0,0,0,0,0,1,0,1,0,0,1,0,0,0,0,0,0,0,0,1,0,0,-8.93
S19S_0099-U,-84.7123967,39.2386771,NaN,NaN,27.3,7.5,20.47,1.0,1.0,1.0,-4.55,-0.7,7.01,6.77,9.8,37.3,41.9,89.0,7.8,3.2,304000000.0,12000000.0,292000000.0,4.03,0.09,1,0,0,0,0,0,1,0,0,0,0,0,0,0,0,0,0,0,0,0,0,0,0,0,0,0,0,0,0,0,0,0,0,1,0,1,0,0,1,0,0,0,0,0,0,0,0,1,0,0,-4.29
S19S_0100-D,-106.950961,38.92352,7.6,71.5,14.2,7.24,18.0,1.0,1.0,1.0,4.82,-16.68,19.75,12.65,21.0,31.3,11.9,64.2,17.7,18.1,7740000000.0,3690000.0,7740000000.0,2.42,0.2,0,1,0,0,0,0,0,0,0,0,0,0,0,0,0,0,0,0,0,0,0,0,0,0,0,0,0,0,0,0,1,0,0,1,0,1,0,0,1,0,0,0,0,1,0,0,0,0,0,0,-40.96
S19S_0100-M,-106.950743,38.922712,7.6,71.5,14.2,7.24,34.0,1.0,1.0,1.0,2.92,-15.6,7.16,5.51,17.5,34.2,10.9,62.6,12.4,25.0,117000000.0,30800000.0,85900000.0,2.02,0.16,0,1,0,0,0,0,0,0,0,0,0,0,0,0,0,0,0,0,0,0,0,0,0,0,0,0,0,0,0,0,1,0,0,1,0,1,0,0,1,0,0,0,0,1,0,0,0,0,0,0,-8.65
S19S_0100-U,-106.95145,38.922389,7.6,71.5,14.2,7.24,2.9,1.0,1.0,1.0,-0.27,-11.48,5.2,4.0,38.1,33.3,0.3,71.7,23.8,4.5,11600000000.0,551000000.0,11100000000.0,2.26,0.13,0,1,0,0,0,0,0,0,0,0,0,0,0,0,0,0,0,0,0,0,0,0,0,0,0,0,0,0,0,0,1,0,0,1,0,1,0,0,1,0,0,0,0,0,0,0,0,1,0,0,-4.28
SSS001-1,-120.5731,46.0417,9.31,93.99,15.84,8.18,41.0,1.0,2.0,NaN,NaN,NaN,NaN,NaN,NaN,NaN,NaN,NaN,NaN,NaN,NaN,NaN,NaN,NaN,NaN,0,1,0,1,0,0,0,0,0,0,0,0,0,0,0,0,0,0,0,0,0,0,0,0,0,0,0,0,0,0,0,0,0,1,0,1,0,0,1,0,0,0,0,0,0,0,0,0,0,0,-2236.81
SSS001-2,-120.5731,46.0417,9.31,93.99,15.84,8.18,41.0,1.0,2.0,NaN,NaN,NaN,NaN,NaN,NaN,NaN,NaN,NaN,NaN,NaN,NaN,NaN,NaN,NaN,NaN,0,1,0,1,0,0,0,0,0,0,0,0,0,0,0,0,0,0,0,0,0,0,0,0,0,0,0,0,0,0,0,0,0,1,0,1,0,0,1,0,0,0,0,0,0,0,0,0,0,0,-3827.24
SSS001-3,-120.5731,46.0417,9.31,93.99,15.84,8.18,41.0,1.0,2.0,NaN,NaN,NaN,NaN,NaN,NaN,NaN,NaN,NaN,NaN,NaN,NaN,NaN,NaN,NaN,NaN,0,1,0,1,0,0,0,0,0,0,0,0,0,0,0,0,0,0,0,0,0,0,0,0,0,0,0,0,0,0,0,0,0,1,0,1,0,0,1,0,0,0,0,0,0,0,0,0,0,0,-3800.03
SSS002-1,-120.5476,46.0959,9.73,108.23,20.57,8.45,7.5,2.0,2.0,2.0,NaN,NaN,NaN,NaN,NaN,NaN,NaN,NaN,NaN,NaN,NaN,NaN,NaN,NaN,NaN,0,1,0,0,1,0,0,0,0,0,0,0,0,0,0,0,0,0,0,0,0,0,0,0,0,0,0,0,0,0,0,0,0,0,1,1,0,0,1,0,0,0,0,0,0,0,0,0,0,0,-5.81
SSS002-2,-120.5476,46.0959,9.73,108.23,20.57,8.45,7.5,2.0,2.0,2.0,NaN,NaN,NaN,NaN,NaN,NaN,NaN,NaN,NaN,NaN,NaN,NaN,NaN,NaN,NaN,0,1,0,0,1,0,0,0,0,0,0,0,0,0,0,0,0,0,0,0,0,0,0,0,0,0,0,0,0,0,0,0,0,0,1,1,0,0,1,0,0,0,0,0,0,0,0,0,0,0,-5.53
SSS002-3,-120.5476,46.0959,9.73,108.23,20.57,8.45,7.5,2.0,2.0,2.0,NaN,NaN,NaN,NaN,NaN,NaN,NaN,NaN,NaN,NaN,NaN,NaN,NaN,NaN,NaN,0,1,0,0,1,0,0,0,0,0,0,0,0,0,0,0,0,0,0,0,0,0,0,0,0,0,0,0,0,0,0,0,0,0,1,1,0,0,1,0,0,0,0,0,0,0,0,0,0,0,-7.38
SSS003-1,-120.4811,46.2059,8.72,96.75,20.46,7.84,9.5,2.0,2.0,2.0,NaN,NaN,NaN,NaN,NaN,NaN,NaN,NaN,NaN,NaN,NaN,NaN,NaN,NaN,NaN,0,1,0,0,1,0,0,0,0,0,0,0,0,0,0,0,0,0,0,0,0,0,0,0,0,0,0,0,0,0,0,0,0,0,1,1,0,0,1,0,0,0,0,0,0,0,0,0,0,0,-37.2
SSS003-2,-120.4811,46.2059,8.72,96.75,20.46,7.84,9.5,2.0,2.0,2.0,NaN,NaN,NaN,NaN,NaN,NaN,NaN,NaN,NaN,NaN,NaN,NaN,NaN,NaN,NaN,0,1,0,0,1,0,0,0,0,0,0,0,0,0,0,0,0,0,0,0,0,0,0,0,0,0,0,0,0,0,0,0,0,0,1,1,0,0,1,0,0,0,0,0,0,0,0,0,0,0,-31.44
SSS003-3,-120.4811,46.2059,8.72,96.75,20.46,7.84,9.5,2.0,2.0,2.0,NaN,NaN,NaN,NaN,NaN,NaN,NaN,NaN,NaN,NaN,NaN,NaN,NaN,NaN,NaN,0,1,0,0,1,0,0,0,0,0,0,0,0,0,0,0,0,0,0,0,0,0,0,0,0,0,0,0,0,0,0,0,0,0,1,1,0,0,1,0,0,0,0,0,0,0,0,0,0,0,-67.87
SSS004-1,-120.8161,46.6659,8.63,90.92,17.86,7.82,10.0,1.0,2.0,2.0,NaN,NaN,NaN,NaN,NaN,NaN,NaN,NaN,NaN,NaN,NaN,NaN,NaN,NaN,NaN,0,1,0,0,1,0,0,0,0,0,0,0,0,0,0,0,0,0,0,0,0,0,0,0,0,0,0,0,0,0,0,0,0,1,0,1,0,0,1,0,0,0,0,0,0,0,0,0,0,0,-3048.94
SSS004-2,-120.8161,46.6659,8.63,90.92,17.86,7.82,10.0,1.0,2.0,2.0,NaN,NaN,NaN,NaN,NaN,NaN,NaN,NaN,NaN,NaN,NaN,NaN,NaN,NaN,NaN,0,1,0,0,1,0,0,0,0,0,0,0,0,0,0,0,0,0,0,0,0,0,0,0,0,0,0,0,0,0,0,0,0,1,0,1,0,0,1,0,0,0,0,0,0,0,0,0,0,0,-2965.18
SSS004-3,-120.8161,46.6659,8.63,90.92,17.86,7.82,10.0,1.0,2.0,2.0,NaN,NaN,NaN,NaN,NaN,NaN,NaN,NaN,NaN,NaN,NaN,NaN,NaN,NaN,NaN,0,1,0,0,1,0,0,0,0,0,0,0,0,0,0,0,0,0,0,0,0,0,0,0,0,0,0,0,0,0,0,0,0,1,0,1,0,0,1,0,0,0,0,0,0,0,0,0,0,0,-3263.52
SSS005-1,-120.4612,46.5814,9.41,98.43,17.54,7.73,5.0,NaN,NaN,2.0,NaN,NaN,NaN,NaN,NaN,NaN,NaN,NaN,NaN,NaN,NaN,NaN,NaN,NaN,NaN,0,1,0,0,1,0,0,0,0,0,0,0,0,0,0,0,0,0,0,0,0,0,0,0,0,0,0,0,0,0,0,0,0,1,0,1,0,0,0,0,1,0,0,0,0,0,0,0,0,0,-4.7
SSS005-2,-120.4612,46.5814,9.41,98.43,17.54,7.73,5.0,NaN,NaN,2.0,NaN,NaN,NaN,NaN,NaN,NaN,NaN,NaN,NaN,NaN,NaN,NaN,NaN,NaN,NaN,0,1,0,0,1,0,0,0,0,0,0,0,0,0,0,0,0,0,0,0,0,0,0,0,0,0,0,0,0,0,0,0,0,1,0,1,0,0,0,0,1,0,0,0,0,0,0,0,0,0,-4.13
SSS005-3,-120.4612,46.5814,9.41,98.43,17.54,7.73,5.0,NaN,NaN,2.0,NaN,NaN,NaN,NaN,NaN,NaN,NaN,NaN,NaN,NaN,NaN,NaN,NaN,NaN,NaN,0,1,0,0,1,0,0,0,0,0,0,0,0,0,0,0,0,0,0,0,0,0,0,0,0,0,0,0,0,0,0,0,0,1,0,1,0,0,0,0,1,0,0,0,0,0,0,0,0,0,-4.16
SSS006-1,-120.6206,46.6218,9.74,105.93,19.43,8.59,38.0,2.0,2.0,2.0,NaN,NaN,NaN,NaN,NaN,NaN,NaN,NaN,NaN,NaN,NaN,NaN,NaN,NaN,NaN,0,1,0,0,0,0,0,0,0,0,0,0,0,0,0,0,0,0,0,0,0,0,0,0,0,0,0,0,1,0,0,0,0,1,0,0,1,0,0,1,0,0,0,0,0,0,0,0,0,0,-58.23
SSS006-2,-120.6206,46.6218,9.74,105.93,19.43,8.59,38.0,2.0,2.0,2.0,NaN,NaN,NaN,NaN,NaN,NaN,NaN,NaN,NaN,NaN,NaN,NaN,NaN,NaN,NaN,0,1,0,0,0,0,0,0,0,0,0,0,0,0,0,0,0,0,0,0,0,0,0,0,0,0,0,0,1,0,0,0,0,1,0,0,1,0,0,1,0,0,0,0,0,0,0,0,0,0,-57.26
SSS006-3,-120.6206,46.6218,9.74,105.93,19.43,8.59,38.0,2.0,2.0,2.0,NaN,NaN,NaN,NaN,NaN,NaN,NaN,NaN,NaN,NaN,NaN,NaN,NaN,NaN,NaN,0,1,0,0,0,0,0,0,0,0,0,0,0,0,0,0,0,0,0,0,0,0,0,0,0,0,0,0,1,0,0,0,0,1,0,0,1,0,0,1,0,0,0,0,0,0,0,0,0,0,-91.7
SSS007-1,-121.1237,46.6646,9.23,88.83,13.61,8.04,9.0,1.0,NaN,2.0,NaN,NaN,NaN,NaN,NaN,NaN,NaN,NaN,NaN,NaN,NaN,NaN,NaN,NaN,NaN,0,1,0,0,0,0,0,0,0,0,0,0,0,0,0,0,0,0,0,0,1,0,0,0,0,0,0,0,0,0,0,0,0,0,1,0,1,0,1,0,0,0,0,0,0,0,0,0,0,0,-5.6
SSS007-2,-121.1237,46.6646,9.23,88.83,13.61,8.04,9.0,1.0,NaN,2.0,NaN,NaN,NaN,NaN,NaN,NaN,NaN,NaN,NaN,NaN,NaN,NaN,NaN,NaN,NaN,0,1,0,0,0,0,0,0,0,0,0,0,0,0,0,0,0,0,0,0,1,0,0,0,0,0,0,0,0,0,0,0,0,0,1,0,1,0,1,0,0,0,0,0,0,0,0,0,0,0,-3.22
SSS007-3,-121.1237,46.6646,9.23,88.83,13.61,8.04,9.0,1.0,NaN,2.0,NaN,NaN,NaN,NaN,NaN,NaN,NaN,NaN,NaN,NaN,NaN,NaN,NaN,NaN,NaN,0,1,0,0,0,0,0,0,0,0,0,0,0,0,0,0,0,0,0,0,1,0,0,0,0,0,0,0,0,0,0,0,0,0,1,0,1,0,1,0,0,0,0,0,0,0,0,0,0,0,-7.91
SSS008-1,-121.0893,46.6592,8.95,85.27,13.16,7.76,13.0,2.0,2.0,NaN,NaN,NaN,NaN,NaN,NaN,NaN,NaN,NaN,NaN,NaN,NaN,NaN,NaN,NaN,NaN,0,1,0,1,0,0,0,0,0,0,0,0,0,0,0,0,0,0,0,0,0,0,0,0,0,0,0,0,0,0,0,0,0,1,0,1,0,0,0,0,1,0,0,0,0,0,0,0,0,0,-3824.62
SSS008-2,-121.0893,46.6592,8.95,85.27,13.16,7.76,13.0,2.0,2.0,NaN,NaN,NaN,NaN,NaN,NaN,NaN,NaN,NaN,NaN,NaN,NaN,NaN,NaN,NaN,NaN,0,1,0,1,0,0,0,0,0,0,0,0,0,0,0,0,0,0,0,0,0,0,0,0,0,0,0,0,0,0,0,0,0,1,0,1,0,0,0,0,1,0,0,0,0,0,0,0,0,0,-3976.99
SSS008-3,-121.0893,46.6592,8.95,85.27,13.16,7.76,13.0,2.0,2.0,NaN,NaN,NaN,NaN,NaN,NaN,NaN,NaN,NaN,NaN,NaN,NaN,NaN,NaN,NaN,NaN,0,1,0,1,0,0,0,0,0,0,0,0,0,0,0,0,0,0,0,0,0,0,0,0,0,0,0,0,0,0,0,0,0,1,0,1,0,0,0,0,1,0,0,0,0,0,0,0,0,0,-3890.98
SSS009-1,-121.1511,46.6168,8.97,87.47,14.2,7.85,35.0,NaN,NaN,2.0,NaN,NaN,NaN,NaN,NaN,NaN,NaN,NaN,NaN,NaN,NaN,NaN,NaN,NaN,NaN,0,1,0,0,0,0,0,0,0,0,0,0,0,0,0,0,0,0,0,0,1,0,0,0,0,0,0,0,0,0,0,0,0,0,1,0,1,0,1,0,0,0,0,0,0,0,0,0,0,0,-2.05
SSS009-2,-121.1511,46.6168,8.97,87.47,14.2,7.85,35.0,NaN,NaN,2.0,NaN,NaN,NaN,NaN,NaN,NaN,NaN,NaN,NaN,NaN,NaN,NaN,NaN,NaN,NaN,0,1,0,0,0,0,0,0,0,0,0,0,0,0,0,0,0,0,0,0,1,0,0,0,0,0,0,0,0,0,0,0,0,0,1,0,1,0,1,0,0,0,0,0,0,0,0,0,0,0,-2.26
SSS009-3,-121.1511,46.6168,8.97,87.47,14.2,7.85,35.0,NaN,NaN,2.0,NaN,NaN,NaN,NaN,NaN,NaN,NaN,NaN,NaN,NaN,NaN,NaN,NaN,NaN,NaN,0,1,0,0,0,0,0,0,0,0,0,0,0,0,0,0,0,0,0,0,1,0,0,0,0,0,0,0,0,0,0,0,0,0,1,0,1,0,1,0,0,0,0,0,0,0,0,0,0,0,-3.01
SSS010-1,-121.0675,46.8095,9.25,88.98,13.61,8.0,5.0,1.0,NaN,2.0,NaN,NaN,NaN,NaN,NaN,NaN,NaN,NaN,NaN,NaN,NaN,NaN,NaN,NaN,NaN,0,1,0,0,1,0,0,0,0,0,0,0,0,0,0,0,0,0,0,0,0,0,0,0,0,0,0,0,0,0,0,0,0,1,0,0,1,0,1,0,0,0,0,0,0,0,0,0,0,0,-4.12
SSS010-2,-121.0675,46.8095,9.25,88.98,13.61,8.0,5.0,1.0,NaN,2.0,NaN,NaN,NaN,NaN,NaN,NaN,NaN,NaN,NaN,NaN,NaN,NaN,NaN,NaN,NaN,0,1,0,0,1,0,0,0,0,0,0,0,0,0,0,0,0,0,0,0,0,0,0,0,0,0,0,0,0,0,0,0,0,1,0,0,1,0,1,0,0,0,0,0,0,0,0,0,0,0,-4.35
SSS010-3,-121.0675,46.8095,9.25,88.98,13.61,8.0,5.0,1.0,NaN,2.0,NaN,NaN,NaN,NaN,NaN,NaN,NaN,NaN,NaN,NaN,NaN,NaN,NaN,NaN,NaN,0,1,0,0,1,0,0,0,0,0,0,0,0,0,0,0,0,0,0,0,0,0,0,0,0,0,0,0,0,0,0,0,0,1,0,0,1,0,1,0,0,0,0,0,0,0,0,0,0,0,-4.31
SSS011-1,-121.0672,46.8099,9.48,89.11,12.59,7.79,8.0,NaN,NaN,2.0,NaN,NaN,NaN,NaN,NaN,NaN,NaN,NaN,NaN,NaN,NaN,NaN,NaN,NaN,NaN,0,1,0,0,1,0,0,0,0,0,0,0,0,0,0,0,0,0,0,0,0,0,0,0,0,0,0,0,0,0,0,0,0,0,1,0,1,0,1,0,0,0,0,0,0,0,0,0,0,0,-11.55
SSS011-2,-121.0672,46.8099,9.48,89.11,12.59,7.79,8.0,NaN,NaN,2.0,NaN,NaN,NaN,NaN,NaN,NaN,NaN,NaN,NaN,NaN,NaN,NaN,NaN,NaN,NaN,0,1,0,0,1,0,0,0,0,0,0,0,0,0,0,0,0,0,0,0,0,0,0,0,0,0,0,0,0,0,0,0,0,0,1,0,1,0,1,0,0,0,0,0,0,0,0,0,0,0,-9.98
SSS011-3,-121.0672,46.8099,9.48,89.11,12.59,7.79,8.0,NaN,NaN,2.0,NaN,NaN,NaN,NaN,NaN,NaN,NaN,NaN,NaN,NaN,NaN,NaN,NaN,NaN,NaN,0,1,0,0,1,0,0,0,0,0,0,0,0,0,0,0,0,0,0,0,0,0,0,0,0,0,0,0,0,0,0,0,0,0,1,0,1,0,1,0,0,0,0,0,0,0,0,0,0,0,-10.88
SSS012-1,-120.8178,46.7521,9.42,101.88,19.15,8.22,4.0,NaN,2.0,2.0,NaN,NaN,NaN,NaN,NaN,NaN,NaN,NaN,NaN,NaN,NaN,NaN,NaN,NaN,NaN,0,1,0,0,1,0,0,0,0,0,0,0,0,0,0,0,0,0,0,0,0,0,0,0,0,0,0,0,0,0,0,0,0,0,1,1,0,0,1,0,0,0,0,0,0,0,0,0,0,0,-35.91
SSS012-2,-120.8178,46.7521,9.42,101.88,19.15,8.22,4.0,NaN,2.0,2.0,NaN,NaN,NaN,NaN,NaN,NaN,NaN,NaN,NaN,NaN,NaN,NaN,NaN,NaN,NaN,0,1,0,0,1,0,0,0,0,0,0,0,0,0,0,0,0,0,0,0,0,0,0,0,0,0,0,0,0,0,0,0,0,0,1,1,0,0,1,0,0,0,0,0,0,0,0,0,0,0,-58.05
SSS012-3,-120.8178,46.7521,9.42,101.88,19.15,8.22,4.0,NaN,2.0,2.0,NaN,NaN,NaN,NaN,NaN,NaN,NaN,NaN,NaN,NaN,NaN,NaN,NaN,NaN,NaN,0,1,0,0,1,0,0,0,0,0,0,0,0,0,0,0,0,0,0,0,0,0,0,0,0,0,0,0,0,0,0,0,0,0,1,1,0,0,1,0,0,0,0,0,0,0,0,0,0,0,-13.61
SSS013-1,-119.474,46.2554,7.99,92.23,22.45,8.19,9.6,NaN,NaN,2.0,NaN,NaN,NaN,NaN,NaN,NaN,NaN,NaN,NaN,NaN,NaN,NaN,NaN,NaN,NaN,0,1,0,1,0,0,0,0,0,0,0,0,0,0,0,0,0,0,0,0,0,0,0,0,0,0,0,0,0,0,0,0,0,0,1,1,0,0,1,0,0,0,0,0,0,0,0,0,0,0,-16.87
SSS013-2,-119.474,46.2554,7.99,92.23,22.45,8.19,9.6,NaN,NaN,2.0,NaN,NaN,NaN,NaN,NaN,NaN,NaN,NaN,NaN,NaN,NaN,NaN,NaN,NaN,NaN,0,1,0,1,0,0,0,0,0,0,0,0,0,0,0,0,0,0,0,0,0,0,0,0,0,0,0,0,0,0,0,0,0,0,1,1,0,0,1,0,0,0,0,0,0,0,0,0,0,0,-12.45
SSS013-3,-119.474,46.2554,7.99,92.23,22.45,8.19,9.6,NaN,NaN,2.0,NaN,NaN,NaN,NaN,NaN,NaN,NaN,NaN,NaN,NaN,NaN,NaN,NaN,NaN,NaN,0,1,0,1,0,0,0,0,0,0,0,0,0,0,0,0,0,0,0,0,0,0,0,0,0,0,0,0,0,0,0,0,0,0,1,1,0,0,1,0,0,0,0,0,0,0,0,0,0,0,-12.89
SSS014-1,-119.9999,46.232,10.54,121.0,22.19,8.22,18.0,NaN,2.0,2.0,NaN,NaN,NaN,NaN,NaN,NaN,NaN,NaN,NaN,NaN,NaN,NaN,NaN,NaN,NaN,0,1,0,0,0,0,0,0,0,0,0,0,0,0,0,0,0,0,0,0,0,0,0,0,0,0,0,0,0,1,0,0,0,1,0,1,0,0,0,0,1,0,0,0,0,0,0,0,0,0,-1599.21
SSS014-2,-119.9999,46.232,10.54,121.0,22.19,8.22,18.0,NaN,2.0,2.0,NaN,NaN,NaN,NaN,NaN,NaN,NaN,NaN,NaN,NaN,NaN,NaN,NaN,NaN,NaN,0,1,0,0,0,0,0,0,0,0,0,0,0,0,0,0,0,0,0,0,0,0,0,0,0,0,0,0,0,1,0,0,0,1,0,1,0,0,0,0,1,0,0,0,0,0,0,0,0,0,-3564.45
SSS014-3,-119.9999,46.232,10.54,121.0,22.19,8.22,18.0,NaN,2.0,2.0,NaN,NaN,NaN,NaN,NaN,NaN,NaN,NaN,NaN,NaN,NaN,NaN,NaN,NaN,NaN,0,1,0,0,0,0,0,0,0,0,0,0,0,0,0,0,0,0,0,0,0,0,0,0,0,0,0,0,0,1,0,0,0,1,0,1,0,0,0,0,1,0,0,0,0,0,0,0,0,0,-3049.36
SSS015-1,-120.4704,46.5302,9.8,105.77,19.08,8.19,10.0,NaN,NaN,2.0,NaN,NaN,NaN,NaN,NaN,NaN,NaN,NaN,NaN,NaN,NaN,NaN,NaN,NaN,NaN,0,1,0,1,0,0,0,0,0,0,0,0,0,0,0,0,0,0,0,0,0,0,0,0,0,0,0,0,0,0,0,0,0,1,0,1,0,0,1,0,0,0,0,0,0,0,0,0,0,0,-13.69
SSS015-2,-120.4704,46.5302,9.8,105.77,19.08,8.19,10.0,NaN,NaN,2.0,NaN,NaN,NaN,NaN,NaN,NaN,NaN,NaN,NaN,NaN,NaN,NaN,NaN,NaN,NaN,0,1,0,1,0,0,0,0,0,0,0,0,0,0,0,0,0,0,0,0,0,0,0,0,0,0,0,0,0,0,0,0,0,1,0,1,0,0,1,0,0,0,0,0,0,0,0,0,0,0,-25.26
SSS015-3,-120.4704,46.5302,9.8,105.77,19.08,8.19,10.0,NaN,NaN,2.0,NaN,NaN,NaN,NaN,NaN,NaN,NaN,NaN,NaN,NaN,NaN,NaN,NaN,NaN,NaN,0,1,0,1,0,0,0,0,0,0,0,0,0,0,0,0,0,0,0,0,0,0,0,0,0,0,0,0,0,0,0,0,0,1,0,1,0,0,1,0,0,0,0,0,0,0,0,0,0,0,-26.77
SSS016-1,-120.7135,46.7288,9.48,96.65,16.28,7.8,3.0,NaN,NaN,3.0,NaN,NaN,NaN,NaN,NaN,NaN,NaN,NaN,NaN,NaN,NaN,NaN,NaN,NaN,NaN,0,1,0,1,0,0,0,0,0,0,0,0,0,0,0,0,0,0,0,0,0,0,0,0,0,0,0,0,0,0,0,0,0,1,0,1,0,0,1,0,0,0,0,0,0,0,0,0,0,0,-132.92
SSS016-3,-120.7135,46.7288,9.48,96.65,16.28,7.8,3.0,NaN,NaN,3.0,NaN,NaN,NaN,NaN,NaN,NaN,NaN,NaN,NaN,NaN,NaN,NaN,NaN,NaN,NaN,0,1,0,1,0,0,0,0,0,0,0,0,0,0,0,0,0,0,0,0,0,0,0,0,0,0,0,0,0,0,0,0,0,1,0,1,0,0,1,0,0,0,0,0,0,0,0,0,0,0,-75.22
SSS017-1,-120.6553,46.6856,9.98,104.25,17.45,7.81,5.0,NaN,NaN,2.0,NaN,NaN,NaN,NaN,NaN,NaN,NaN,NaN,NaN,NaN,NaN,NaN,NaN,NaN,NaN,0,1,0,1,0,0,0,0,0,0,0,0,0,0,0,0,0,0,0,0,0,0,0,0,0,0,0,0,0,0,0,0,0,0,1,1,0,0,1,0,0,0,0,0,0,0,0,0,0,0,-5.13
SSS017-2,-120.6553,46.6856,9.98,104.25,17.45,7.81,5.0,NaN,NaN,2.0,NaN,NaN,NaN,NaN,NaN,NaN,NaN,NaN,NaN,NaN,NaN,NaN,NaN,NaN,NaN,0,1,0,1,0,0,0,0,0,0,0,0,0,0,0,0,0,0,0,0,0,0,0,0,0,0,0,0,0,0,0,0,0,0,1,1,0,0,1,0,0,0,0,0,0,0,0,0,0,0,-5.38
SSS017-3,-120.6553,46.6856,9.98,104.25,17.45,7.81,5.0,NaN,NaN,2.0,NaN,NaN,NaN,NaN,NaN,NaN,NaN,NaN,NaN,NaN,NaN,NaN,NaN,NaN,NaN,0,1,0,1,0,0,0,0,0,0,0,0,0,0,0,0,0,0,0,0,0,0,0,0,0,0,0,0,0,0,0,0,0,0,1,1,0,0,1,0,0,0,0,0,0,0,0,0,0,0,-4.77
SSS018-1,-121.1357,47.0171,8.5,81.53,13.46,7.19,5.0,NaN,2.0,2.0,NaN,NaN,NaN,NaN,NaN,NaN,NaN,NaN,NaN,NaN,NaN,NaN,NaN,NaN,NaN,0,1,0,0,0,0,0,0,0,0,0,0,0,0,0,0,0,0,0,0,0,1,0,0,0,0,0,0,0,0,0,0,1,0,0,1,0,0,1,0,0,0,0,0,0,0,0,0,0,0,-2.02
SSS018-2,-121.1357,47.0171,8.5,81.53,13.46,7.19,5.0,NaN,2.0,2.0,NaN,NaN,NaN,NaN,NaN,NaN,NaN,NaN,NaN,NaN,NaN,NaN,NaN,NaN,NaN,0,1,0,0,0,0,0,0,0,0,0,0,0,0,0,0,0,0,0,0,0,1,0,0,0,0,0,0,0,0,0,0,1,0,0,1,0,0,1,0,0,0,0,0,0,0,0,0,0,0,-6.06
SSS018-3,-121.1357,47.0171,8.5,81.53,13.46,7.19,5.0,NaN,2.0,2.0,NaN,NaN,NaN,NaN,NaN,NaN,NaN,NaN,NaN,NaN,NaN,NaN,NaN,NaN,NaN,0,1,0,0,0,0,0,0,0,0,0,0,0,0,0,0,0,0,0,0,0,1,0,0,0,0,0,0,0,0,0,0,1,0,0,1,0,0,1,0,0,0,0,0,0,0,0,0,0,0,-1.54
SSS019-1,-121.1285,47.0195,9.45,88.18,12.24,8.02,2.0,2.0,2.0,2.0,NaN,NaN,NaN,NaN,NaN,NaN,NaN,NaN,NaN,NaN,NaN,NaN,NaN,NaN,NaN,0,1,0,0,0,0,0,0,0,0,0,0,0,0,0,0,0,0,0,1,0,0,0,0,0,0,0,0,0,0,0,0,0,0,1,0,1,0,0,0,1,0,0,0,0,0,0,0,0,0,-10.78
SSS019-2,-121.1285,47.0195,9.45,88.18,12.24,8.02,2.0,2.0,2.0,2.0,NaN,NaN,NaN,NaN,NaN,NaN,NaN,NaN,NaN,NaN,NaN,NaN,NaN,NaN,NaN,0,1,0,0,0,0,0,0,0,0,0,0,0,0,0,0,0,0,0,1,0,0,0,0,0,0,0,0,0,0,0,0,0,0,1,0,1,0,0,0,1,0,0,0,0,0,0,0,0,0,-18.67
SSS019-3,-121.1285,47.0195,9.45,88.18,12.24,8.02,2.0,2.0,2.0,2.0,NaN,NaN,NaN,NaN,NaN,NaN,NaN,NaN,NaN,NaN,NaN,NaN,NaN,NaN,NaN,0,1,0,0,0,0,0,0,0,0,0,0,0,0,0,0,0,0,0,1,0,0,0,0,0,0,0,0,0,0,0,0,0,0,1,0,1,0,0,0,1,0,0,0,0,0,0,0,0,0,-25.35
SSS020-1,-121.0983,46.9891,8.56,91.92,18.79,8.29,6.0,NaN,NaN,NaN,NaN,NaN,NaN,NaN,NaN,NaN,NaN,NaN,NaN,NaN,NaN,NaN,NaN,NaN,NaN,0,1,0,0,0,0,0,0,0,0,1,0,0,0,0,0,0,0,0,0,0,0,0,0,0,0,0,0,0,0,0,0,0,0,1,1,0,0,1,0,0,0,0,0,0,0,0,0,0,0,-98.57
SSS020-2,-121.0983,46.9891,8.56,91.92,18.79,8.29,6.0,NaN,NaN,NaN,NaN,NaN,NaN,NaN,NaN,NaN,NaN,NaN,NaN,NaN,NaN,NaN,NaN,NaN,NaN,0,1,0,0,0,0,0,0,0,0,1,0,0,0,0,0,0,0,0,0,0,0,0,0,0,0,0,0,0,0,0,0,0,0,1,1,0,0,1,0,0,0,0,0,0,0,0,0,0,0,-33.18
SSS020-3,-121.0983,46.9891,8.56,91.92,18.79,8.29,6.0,NaN,NaN,NaN,NaN,NaN,NaN,NaN,NaN,NaN,NaN,NaN,NaN,NaN,NaN,NaN,NaN,NaN,NaN,0,1,0,0,0,0,0,0,0,0,1,0,0,0,0,0,0,0,0,0,0,0,0,0,0,0,0,0,0,0,0,0,0,0,1,1,0,0,1,0,0,0,0,0,0,0,0,0,0,0,-88.98
SSS021-1,-121.1082,47.3543,9.05,89.67,14.94,7.69,5.5,NaN,2.0,2.0,NaN,NaN,NaN,NaN,NaN,NaN,NaN,NaN,NaN,NaN,NaN,NaN,NaN,NaN,NaN,0,1,0,0,0,0,0,0,0,0,0,0,0,0,0,0,0,0,0,0,0,0,0,1,0,0,0,0,0,0,0,0,0,1,0,1,0,0,1,0,0,0,0,0,0,0,0,0,0,0,-5.01
SSS021-2,-121.1082,47.3543,9.05,89.67,14.94,7.69,5.5,NaN,2.0,2.0,NaN,NaN,NaN,NaN,NaN,NaN,NaN,NaN,NaN,NaN,NaN,NaN,NaN,NaN,NaN,0,1,0,0,0,0,0,0,0,0,0,0,0,0,0,0,0,0,0,0,0,0,0,1,0,0,0,0,0,0,0,0,0,1,0,1,0,0,1,0,0,0,0,0,0,0,0,0,0,0,-11.46
SSS021-3,-121.1082,47.3543,9.05,89.67,14.94,7.69,5.5,NaN,2.0,2.0,NaN,NaN,NaN,NaN,NaN,NaN,NaN,NaN,NaN,NaN,NaN,NaN,NaN,NaN,NaN,0,1,0,0,0,0,0,0,0,0,0,0,0,0,0,0,0,0,0,0,0,0,0,1,0,0,0,0,0,0,0,0,0,1,0,1,0,0,1,0,0,0,0,0,0,0,0,0,0,0,-14.33
SSS022-1,-121.1073,47.4636,9.12,89.7,14.6,7.85,4.0,3.0,NaN,2.0,NaN,NaN,NaN,NaN,NaN,NaN,NaN,NaN,NaN,NaN,NaN,NaN,NaN,NaN,NaN,0,1,0,0,0,0,0,0,0,0,0,1,0,0,0,0,0,0,0,0,0,0,0,0,0,0,0,0,0,0,0,0,0,1,0,0,1,0,1,0,0,0,0,0,0,0,0,0,0,0,-3.26
SSS022-2,-121.1073,47.4636,9.12,89.7,14.6,7.85,4.0,3.0,NaN,2.0,NaN,NaN,NaN,NaN,NaN,NaN,NaN,NaN,NaN,NaN,NaN,NaN,NaN,NaN,NaN,0,1,0,0,0,0,0,0,0,0,0,1,0,0,0,0,0,0,0,0,0,0,0,0,0,0,0,0,0,0,0,0,0,1,0,0,1,0,1,0,0,0,0,0,0,0,0,0,0,0,-3.53
SSS022-3,-121.1073,47.4636,9.12,89.7,14.6,7.85,4.0,3.0,NaN,2.0,NaN,NaN,NaN,NaN,NaN,NaN,NaN,NaN,NaN,NaN,NaN,NaN,NaN,NaN,NaN,0,1,0,0,0,0,0,0,0,0,0,1,0,0,0,0,0,0,0,0,0,0,0,0,0,0,0,0,0,0,0,0,0,1,0,0,1,0,1,0,0,0,0,0,0,0,0,0,0,0,-2.66
SSS023-1,-120.6423,46.8986,6.05,58.37,13.77,7.55,38.0,2.0,3.0,2.0,NaN,NaN,NaN,NaN,NaN,NaN,NaN,NaN,NaN,NaN,NaN,NaN,NaN,NaN,NaN,0,1,0,0,1,0,0,0,0,0,0,0,0,0,0,0,0,0,0,0,0,0,0,0,0,0,0,0,0,0,0,0,0,1,0,1,0,0,0,0,1,0,0,0,0,0,0,0,0,0,-2936.54
SSS023-2,-120.6423,46.8986,6.05,58.37,13.77,7.55,38.0,2.0,3.0,2.0,NaN,NaN,NaN,NaN,NaN,NaN,NaN,NaN,NaN,NaN,NaN,NaN,NaN,NaN,NaN,0,1,0,0,1,0,0,0,0,0,0,0,0,0,0,0,0,0,0,0,0,0,0,0,0,0,0,0,0,0,0,0,0,1,0,1,0,0,0,0,1,0,0,0,0,0,0,0,0,0,-3235.01
SSS023-3,-120.6423,46.8986,6.05,58.37,13.77,7.55,38.0,2.0,3.0,2.0,NaN,NaN,NaN,NaN,NaN,NaN,NaN,NaN,NaN,NaN,NaN,NaN,NaN,NaN,NaN,0,1,0,0,1,0,0,0,0,0,0,0,0,0,0,0,0,0,0,0,0,0,0,0,0,0,0,0,0,0,0,0,0,1,0,1,0,0,0,0,1,0,0,0,0,0,0,0,0,0,-1691.56
SSS024-1,-120.7125,46.8331,8.78,92.2,17.71,7.9,8.0,1.0,2.0,NaN,NaN,NaN,NaN,NaN,NaN,NaN,NaN,NaN,NaN,NaN,NaN,NaN,NaN,NaN,NaN,0,1,0,0,0,0,0,0,0,0,0,0,0,0,0,0,0,0,0,0,0,0,0,0,0,0,0,0,0,1,0,0,0,1,0,1,0,0,1,0,0,0,0,0,0,0,0,0,0,0,-1740.84
SSS024-2,-120.7125,46.8331,8.78,92.2,17.71,7.9,8.0,1.0,2.0,NaN,NaN,NaN,NaN,NaN,NaN,NaN,NaN,NaN,NaN,NaN,NaN,NaN,NaN,NaN,NaN,0,1,0,0,0,0,0,0,0,0,0,0,0,0,0,0,0,0,0,0,0,0,0,0,0,0,0,0,0,1,0,0,0,1,0,1,0,0,1,0,0,0,0,0,0,0,0,0,0,0,-2084.19
SSS024-3,-120.7125,46.8331,8.78,92.2,17.71,7.9,8.0,1.0,2.0,NaN,NaN,NaN,NaN,NaN,NaN,NaN,NaN,NaN,NaN,NaN,NaN,NaN,NaN,NaN,NaN,0,1,0,0,0,0,0,0,0,0,0,0,0,0,0,0,0,0,0,0,0,0,0,0,0,0,0,0,0,1,0,0,0,1,0,1,0,0,1,0,0,0,0,0,0,0,0,0,0,0,-1713.76
SSS025-1,-120.1377,46.2752,6.36,67.47,18.24,7.5,38.1,1.0,3.0,2.0,NaN,NaN,NaN,NaN,NaN,NaN,NaN,NaN,NaN,NaN,NaN,NaN,NaN,NaN,NaN,0,1,1,0,0,0,0,0,0,0,0,0,0,0,0,0,0,0,0,0,0,0,0,0,0,0,0,0,0,0,0,0,1,0,0,1,0,0,0,0,1,0,0,0,0,0,0,0,0,0,-3555.34
SSS025-2,-120.1377,46.2752,6.36,67.47,18.24,7.5,38.1,1.0,3.0,2.0,NaN,NaN,NaN,NaN,NaN,NaN,NaN,NaN,NaN,NaN,NaN,NaN,NaN,NaN,NaN,0,1,1,0,0,0,0,0,0,0,0,0,0,0,0,0,0,0,0,0,0,0,0,0,0,0,0,0,0,0,0,0,1,0,0,1,0,0,0,0,1,0,0,0,0,0,0,0,0,0,-3631.26
SSS025-3,-120.1377,46.2752,6.36,67.47,18.24,7.5,38.1,1.0,3.0,2.0,NaN,NaN,NaN,NaN,NaN,NaN,NaN,NaN,NaN,NaN,NaN,NaN,NaN,NaN,NaN,0,1,1,0,0,0,0,0,0,0,0,0,0,0,0,0,0,0,0,0,0,0,0,0,0,0,0,0,0,0,0,0,1,0,0,1,0,0,0,0,1,0,0,0,0,0,0,0,0,0,-3685.4
SSS026-1,-120.1991,46.3147,12.46,138.28,20.46,8.83,58.42,1.0,3.0,2.0,NaN,NaN,NaN,NaN,NaN,NaN,NaN,NaN,NaN,NaN,NaN,NaN,NaN,NaN,NaN,0,1,1,0,0,0,0,0,0,0,0,0,0,0,0,0,0,0,0,0,0,0,0,0,0,0,0,0,0,0,0,0,0,1,0,1,0,0,0,1,0,0,0,0,0,0,0,0,0,0,-3114.61
SSS026-2,-120.1991,46.3147,12.46,138.28,20.46,8.83,58.42,1.0,3.0,2.0,NaN,NaN,NaN,NaN,NaN,NaN,NaN,NaN,NaN,NaN,NaN,NaN,NaN,NaN,NaN,0,1,1,0,0,0,0,0,0,0,0,0,0,0,0,0,0,0,0,0,0,0,0,0,0,0,0,0,0,0,0,0,0,1,0,1,0,0,0,1,0,0,0,0,0,0,0,0,0,0,-3019.19
SSS026-3,-120.1991,46.3147,12.46,138.28,20.46,8.83,58.42,1.0,3.0,2.0,NaN,NaN,NaN,NaN,NaN,NaN,NaN,NaN,NaN,NaN,NaN,NaN,NaN,NaN,NaN,0,1,1,0,0,0,0,0,0,0,0,0,0,0,0,0,0,0,0,0,0,0,0,0,0,0,0,0,0,0,0,0,0,1,0,1,0,0,0,1,0,0,0,0,0,0,0,0,0,0,-2328.29
SSS027-1,-120.4197,46.2354,8.96,105.54,23.53,8.28,22.86,2.0,2.0,NaN,NaN,NaN,NaN,NaN,NaN,NaN,NaN,NaN,NaN,NaN,NaN,NaN,NaN,NaN,NaN,0,1,1,0,0,0,0,0,0,0,0,0,0,0,0,0,0,0,0,0,0,0,0,0,0,0,0,0,0,0,0,0,1,0,0,1,0,0,1,0,0,0,0,0,0,0,0,0,0,0,-16.97
SSS027-2,-120.4197,46.2354,8.96,105.54,23.53,8.28,22.86,2.0,2.0,NaN,NaN,NaN,NaN,NaN,NaN,NaN,NaN,NaN,NaN,NaN,NaN,NaN,NaN,NaN,NaN,0,1,1,0,0,0,0,0,0,0,0,0,0,0,0,0,0,0,0,0,0,0,0,0,0,0,0,0,0,0,0,0,1,0,0,1,0,0,1,0,0,0,0,0,0,0,0,0,0,0,-17.58
SSS027-3,-120.4197,46.2354,8.96,105.54,23.53,8.28,22.86,2.0,2.0,NaN,NaN,NaN,NaN,NaN,NaN,NaN,NaN,NaN,NaN,NaN,NaN,NaN,NaN,NaN,NaN,0,1,1,0,0,0,0,0,0,0,0,0,0,0,0,0,0,0,0,0,0,0,0,0,0,0,0,0,0,0,0,0,1,0,0,1,0,0,1,0,0,0,0,0,0,0,0,0,0,0,-19.64
SSS028-1,-120.8717,46.2902,8.03,80.53,15.5,7.69,NaN,3.0,2.0,NaN,NaN,NaN,NaN,NaN,NaN,NaN,NaN,NaN,NaN,NaN,NaN,NaN,NaN,NaN,NaN,0,1,0,0,0,0,0,0,0,0,0,0,0,0,0,0,0,0,0,0,0,0,1,0,0,0,0,0,0,0,0,0,0,0,1,1,0,0,1,0,0,0,0,0,0,0,0,0,0,0,-22.3
SSS028-2,-120.8717,46.2902,8.03,80.53,15.5,7.69,NaN,3.0,2.0,NaN,NaN,NaN,NaN,NaN,NaN,NaN,NaN,NaN,NaN,NaN,NaN,NaN,NaN,NaN,NaN,0,1,0,0,0,0,0,0,0,0,0,0,0,0,0,0,0,0,0,0,0,0,1,0,0,0,0,0,0,0,0,0,0,0,1,1,0,0,1,0,0,0,0,0,0,0,0,0,0,0,-15.57
SSS028-3,-120.8717,46.2902,8.03,80.53,15.5,7.69,NaN,3.0,2.0,NaN,NaN,NaN,NaN,NaN,NaN,NaN,NaN,NaN,NaN,NaN,NaN,NaN,NaN,NaN,NaN,0,1,0,0,0,0,0,0,0,0,0,0,0,0,0,0,0,0,0,0,0,0,1,0,0,0,0,0,0,0,0,0,0,0,1,1,0,0,1,0,0,0,0,0,0,0,0,0,0,0,-15.99
SSS029-1,-120.7891,46.3111,8.75,92.78,18.19,8.03,NaN,2.0,NaN,NaN,NaN,NaN,NaN,NaN,NaN,NaN,NaN,NaN,NaN,NaN,NaN,NaN,NaN,NaN,NaN,0,1,1,0,0,0,0,0,0,0,0,0,0,0,0,0,0,0,0,0,0,0,0,0,0,0,0,0,0,0,0,0,0,0,1,1,0,0,1,0,0,0,0,0,0,0,0,0,0,0,-42.7
SSS029-2,-120.7891,46.3111,8.75,92.78,18.19,8.03,NaN,2.0,NaN,NaN,NaN,NaN,NaN,NaN,NaN,NaN,NaN,NaN,NaN,NaN,NaN,NaN,NaN,NaN,NaN,0,1,1,0,0,0,0,0,0,0,0,0,0,0,0,0,0,0,0,0,0,0,0,0,0,0,0,0,0,0,0,0,0,0,1,1,0,0,1,0,0,0,0,0,0,0,0,0,0,0,-29.32
SSS029-3,-120.7891,46.3111,8.75,92.78,18.19,8.03,NaN,2.0,NaN,NaN,NaN,NaN,NaN,NaN,NaN,NaN,NaN,NaN,NaN,NaN,NaN,NaN,NaN,NaN,NaN,0,1,1,0,0,0,0,0,0,0,0,0,0,0,0,0,0,0,0,0,0,0,0,0,0,0,0,0,0,0,0,0,0,0,1,1,0,0,1,0,0,0,0,0,0,0,0,0,0,0,-49.18
SSS030-1,-120.6704,46.3656,10.52,115.01,19.71,8.41,1.5,NaN,2.0,2.0,NaN,NaN,NaN,NaN,NaN,NaN,NaN,NaN,NaN,NaN,NaN,NaN,NaN,NaN,NaN,0,1,0,0,0,0,0,0,1,0,0,0,0,0,0,0,0,0,0,0,0,0,0,0,0,0,0,0,0,0,0,0,0,0,1,1,0,0,1,0,0,0,0,0,0,0,0,0,0,0,-13.59
SSS030-2,-120.6704,46.3656,10.52,115.01,19.71,8.41,1.5,NaN,2.0,2.0,NaN,NaN,NaN,NaN,NaN,NaN,NaN,NaN,NaN,NaN,NaN,NaN,NaN,NaN,NaN,0,1,0,0,0,0,0,0,1,0,0,0,0,0,0,0,0,0,0,0,0,0,0,0,0,0,0,0,0,0,0,0,0,0,1,1,0,0,1,0,0,0,0,0,0,0,0,0,0,0,-8.92
SSS030-3,-120.6704,46.3656,10.52,115.01,19.71,8.41,1.5,NaN,2.0,2.0,NaN,NaN,NaN,NaN,NaN,NaN,NaN,NaN,NaN,NaN,NaN,NaN,NaN,NaN,NaN,0,1,0,0,0,0,0,0,1,0,0,0,0,0,0,0,0,0,0,0,0,0,0,0,0,0,0,0,0,0,0,0,0,0,1,1,0,0,1,0,0,0,0,0,0,0,0,0,0,0,-13.78
SSS031-1,-121.094,46.6674,9.85,86.3,9.51,8.05,24.0,2.0,NaN,NaN,NaN,NaN,NaN,NaN,NaN,NaN,NaN,NaN,NaN,NaN,NaN,NaN,NaN,NaN,NaN,0,1,0,0,0,0,0,0,0,0,0,0,0,0,0,0,0,0,0,0,1,0,0,0,0,0,0,0,0,0,0,0,0,0,1,0,1,0,1,0,0,0,0,0,0,0,0,0,0,0,-5.72
SSS031-2,-121.094,46.6674,9.85,86.3,9.51,8.05,24.0,2.0,NaN,NaN,NaN,NaN,NaN,NaN,NaN,NaN,NaN,NaN,NaN,NaN,NaN,NaN,NaN,NaN,NaN,0,1,0,0,0,0,0,0,0,0,0,0,0,0,0,0,0,0,0,0,1,0,0,0,0,0,0,0,0,0,0,0,0,0,1,0,1,0,1,0,0,0,0,0,0,0,0,0,0,0,-2.31
SSS031-3,-121.094,46.6674,9.85,86.3,9.51,8.05,24.0,2.0,NaN,NaN,NaN,NaN,NaN,NaN,NaN,NaN,NaN,NaN,NaN,NaN,NaN,NaN,NaN,NaN,NaN,0,1,0,0,0,0,0,0,0,0,0,0,0,0,0,0,0,0,0,0,1,0,0,0,0,0,0,0,0,0,0,0,0,0,1,0,1,0,1,0,0,0,0,0,0,0,0,0,0,0,-4.84
SSS032-1,-121.2901,46.6399,10.71,85.64,5.82,7.46,11.0,1.0,NaN,NaN,NaN,NaN,NaN,NaN,NaN,NaN,NaN,NaN,NaN,NaN,NaN,NaN,NaN,NaN,NaN,0,1,0,0,0,0,0,0,0,0,0,0,0,0,0,0,0,0,0,0,1,0,0,0,0,0,0,0,0,0,0,0,0,1,0,0,1,0,1,0,0,0,0,0,0,0,0,0,0,0,-3.76
SSS032-2,-121.2901,46.6399,10.71,85.64,5.82,7.46,11.0,1.0,NaN,NaN,NaN,NaN,NaN,NaN,NaN,NaN,NaN,NaN,NaN,NaN,NaN,NaN,NaN,NaN,NaN,0,1,0,0,0,0,0,0,0,0,0,0,0,0,0,0,0,0,0,0,1,0,0,0,0,0,0,0,0,0,0,0,0,1,0,0,1,0,1,0,0,0,0,0,0,0,0,0,0,0,-3.7
SSS032-3,-121.2901,46.6399,10.71,85.64,5.82,7.46,11.0,1.0,NaN,NaN,NaN,NaN,NaN,NaN,NaN,NaN,NaN,NaN,NaN,NaN,NaN,NaN,NaN,NaN,NaN,0,1,0,0,0,0,0,0,0,0,0,0,0,0,0,0,0,0,0,0,1,0,0,0,0,0,0,0,0,0,0,0,0,1,0,0,1,0,1,0,0,0,0,0,0,0,0,0,0,0,-3.26
SSS033-1,-121.2631,46.6382,10.11,94.02,12.1,7.5,4.0,NaN,NaN,NaN,NaN,NaN,NaN,NaN,NaN,NaN,NaN,NaN,NaN,NaN,NaN,NaN,NaN,NaN,NaN,0,1,0,0,0,0,0,0,0,0,0,0,0,0,0,0,0,0,0,0,1,0,0,0,0,0,0,0,0,0,0,0,1,0,0,0,1,0,1,0,0,0,0,0,0,0,0,0,0,0,-5.14
SSS033-2,-121.2631,46.6382,10.11,94.02,12.1,7.5,4.0,NaN,NaN,NaN,NaN,NaN,NaN,NaN,NaN,NaN,NaN,NaN,NaN,NaN,NaN,NaN,NaN,NaN,NaN,0,1,0,0,0,0,0,0,0,0,0,0,0,0,0,0,0,0,0,0,1,0,0,0,0,0,0,0,0,0,0,0,1,0,0,0,1,0,1,0,0,0,0,0,0,0,0,0,0,0,-6.74
SSS033-3,-121.2631,46.6382,10.11,94.02,12.1,7.5,4.0,NaN,NaN,NaN,NaN,NaN,NaN,NaN,NaN,NaN,NaN,NaN,NaN,NaN,NaN,NaN,NaN,NaN,NaN,0,1,0,0,0,0,0,0,0,0,0,0,0,0,0,0,0,0,0,0,1,0,0,0,0,0,0,0,0,0,0,0,1,0,0,0,1,0,1,0,0,0,0,0,0,0,0,0,0,0,-5.02
SSS034-1,-121.0977,47.3966,9.35,92.88,15.09,7.6,34.0,NaN,NaN,NaN,NaN,NaN,NaN,NaN,NaN,NaN,NaN,NaN,NaN,NaN,NaN,NaN,NaN,NaN,NaN,0,1,0,0,0,0,0,0,0,0,0,0,0,0,0,0,0,0,0,0,1,0,0,0,0,0,0,0,0,0,0,0,0,1,0,0,1,0,1,0,0,0,0,0,0,0,0,0,0,0,-4.3
SSS034-2,-121.0977,47.3966,9.35,92.88,15.09,7.6,34.0,NaN,NaN,NaN,NaN,NaN,NaN,NaN,NaN,NaN,NaN,NaN,NaN,NaN,NaN,NaN,NaN,NaN,NaN,0,1,0,0,0,0,0,0,0,0,0,0,0,0,0,0,0,0,0,0,1,0,0,0,0,0,0,0,0,0,0,0,0,1,0,0,1,0,1,0,0,0,0,0,0,0,0,0,0,0,-4.1
SSS034-3,-121.0977,47.3966,9.35,92.88,15.09,7.6,34.0,NaN,NaN,NaN,NaN,NaN,NaN,NaN,NaN,NaN,NaN,NaN,NaN,NaN,NaN,NaN,NaN,NaN,NaN,0,1,0,0,0,0,0,0,0,0,0,0,0,0,0,0,0,0,0,0,1,0,0,0,0,0,0,0,0,0,0,0,0,1,0,0,1,0,1,0,0,0,0,0,0,0,0,0,0,0,-4.02
SSS035-1,-121.104,47.3956,8.33,90.49,19.35,7.26,NaN,1.0,NaN,NaN,NaN,NaN,NaN,NaN,NaN,NaN,NaN,NaN,NaN,NaN,NaN,NaN,NaN,NaN,NaN,0,1,0,0,0,0,0,0,0,0,0,0,0,0,0,0,0,0,0,0,1,0,0,0,0,0,0,0,0,0,0,0,0,0,1,0,1,0,1,0,0,0,0,0,0,0,0,0,0,0,-5.28
SSS035-2,-121.104,47.3956,8.33,90.49,19.35,7.26,NaN,1.0,NaN,NaN,NaN,NaN,NaN,NaN,NaN,NaN,NaN,NaN,NaN,NaN,NaN,NaN,NaN,NaN,NaN,0,1,0,0,0,0,0,0,0,0,0,0,0,0,0,0,0,0,0,0,1,0,0,0,0,0,0,0,0,0,0,0,0,0,1,0,1,0,1,0,0,0,0,0,0,0,0,0,0,0,-4.86
SSS035-3,-121.104,47.3956,8.33,90.49,19.35,7.26,NaN,1.0,NaN,NaN,NaN,NaN,NaN,NaN,NaN,NaN,NaN,NaN,NaN,NaN,NaN,NaN,NaN,NaN,NaN,0,1,0,0,0,0,0,0,0,0,0,0,0,0,0,0,0,0,0,0,1,0,0,0,0,0,0,0,0,0,0,0,0,0,1,0,1,0,1,0,0,0,0,0,0,0,0,0,0,0,-4.03
SSS036-1,-120.7743,46.8674,8.23,84.59,16.69,7.74,16.0,3.0,2.0,2.0,NaN,NaN,NaN,NaN,NaN,NaN,NaN,NaN,NaN,NaN,NaN,NaN,NaN,NaN,NaN,0,1,1,0,0,0,0,0,0,0,0,0,0,0,0,0,0,0,0,0,0,0,0,0,0,0,0,0,0,0,0,0,0,0,1,1,0,0,1,0,0,0,0,0,0,0,0,0,0,0,-44.74
SSS036-2,-120.7743,46.8674,8.23,84.59,16.69,7.74,16.0,3.0,2.0,2.0,NaN,NaN,NaN,NaN,NaN,NaN,NaN,NaN,NaN,NaN,NaN,NaN,NaN,NaN,NaN,0,1,1,0,0,0,0,0,0,0,0,0,0,0,0,0,0,0,0,0,0,0,0,0,0,0,0,0,0,0,0,0,0,0,1,1,0,0,1,0,0,0,0,0,0,0,0,0,0,0,-47.31
SSS036-3,-120.7743,46.8674,8.23,84.59,16.69,7.74,16.0,3.0,2.0,2.0,NaN,NaN,NaN,NaN,NaN,NaN,NaN,NaN,NaN,NaN,NaN,NaN,NaN,NaN,NaN,0,1,1,0,0,0,0,0,0,0,0,0,0,0,0,0,0,0,0,0,0,0,0,0,0,0,0,0,0,0,0,0,0,0,1,1,0,0,1,0,0,0,0,0,0,0,0,0,0,0,-54.98
SSS037-1,-120.6496,46.0168,9.33,90.88,14.2,7.84,15.0,3.0,2.0,NaN,NaN,NaN,NaN,NaN,NaN,NaN,NaN,NaN,NaN,NaN,NaN,NaN,NaN,NaN,NaN,0,1,0,0,0,0,0,0,0,0,0,0,0,0,0,0,0,0,0,0,0,0,0,0,0,0,0,0,0,1,0,0,0,0,1,1,0,0,1,0,0,0,0,0,0,0,0,0,0,0,-13.97
SSS037-2,-120.6496,46.0168,9.33,90.88,14.2,7.84,15.0,3.0,2.0,NaN,NaN,NaN,NaN,NaN,NaN,NaN,NaN,NaN,NaN,NaN,NaN,NaN,NaN,NaN,NaN,0,1,0,0,0,0,0,0,0,0,0,0,0,0,0,0,0,0,0,0,0,0,0,0,0,0,0,0,0,1,0,0,0,0,1,1,0,0,1,0,0,0,0,0,0,0,0,0,0,0,-19.99
SSS037-3,-120.6496,46.0168,9.33,90.88,14.2,7.84,15.0,3.0,2.0,NaN,NaN,NaN,NaN,NaN,NaN,NaN,NaN,NaN,NaN,NaN,NaN,NaN,NaN,NaN,NaN,0,1,0,0,0,0,0,0,0,0,0,0,0,0,0,0,0,0,0,0,0,0,0,0,0,0,0,0,0,1,0,0,0,0,1,1,0,0,1,0,0,0,0,0,0,0,0,0,0,0,-10.77
SSS038-1,-120.6364,46.029,5.21,51.85,15.2,7.27,6.0,3.0,NaN,2.0,NaN,NaN,NaN,NaN,NaN,NaN,NaN,NaN,NaN,NaN,NaN,NaN,NaN,NaN,NaN,0,1,0,0,0,0,0,0,0,0,0,1,0,0,0,0,0,0,0,0,0,0,0,0,0,0,0,0,0,0,0,0,0,0,1,1,0,0,1,0,0,0,0,0,0,0,0,0,0,0,-9.63
SSS038-2,-120.6364,46.029,5.21,51.85,15.2,7.27,6.0,3.0,NaN,2.0,NaN,NaN,NaN,NaN,NaN,NaN,NaN,NaN,NaN,NaN,NaN,NaN,NaN,NaN,NaN,0,1,0,0,0,0,0,0,0,0,0,1,0,0,0,0,0,0,0,0,0,0,0,0,0,0,0,0,0,0,0,0,0,0,1,1,0,0,1,0,0,0,0,0,0,0,0,0,0,0,-11.29
SSS038-3,-120.6364,46.029,5.21,51.85,15.2,7.27,6.0,3.0,NaN,2.0,NaN,NaN,NaN,NaN,NaN,NaN,NaN,NaN,NaN,NaN,NaN,NaN,NaN,NaN,NaN,0,1,0,0,0,0,0,0,0,0,0,1,0,0,0,0,0,0,0,0,0,0,0,0,0,0,0,0,0,0,0,0,0,0,1,1,0,0,1,0,0,0,0,0,0,0,0,0,0,0,-14.81
SSS039-1,-120.6115,46.0284,8.88,94.38,18.3,7.84,20.0,2.0,2.0,NaN,NaN,NaN,NaN,NaN,NaN,NaN,NaN,NaN,NaN,NaN,NaN,NaN,NaN,NaN,NaN,0,1,0,0,1,0,0,0,0,0,0,0,0,0,0,0,0,0,0,0,0,0,0,0,0,0,0,0,0,0,0,0,0,0,1,1,0,0,1,0,0,0,0,0,0,0,0,0,0,0,-8.47
SSS039-2,-120.6115,46.0284,8.88,94.38,18.3,7.84,20.0,2.0,2.0,NaN,NaN,NaN,NaN,NaN,NaN,NaN,NaN,NaN,NaN,NaN,NaN,NaN,NaN,NaN,NaN,0,1,0,0,1,0,0,0,0,0,0,0,0,0,0,0,0,0,0,0,0,0,0,0,0,0,0,0,0,0,0,0,0,0,1,1,0,0,1,0,0,0,0,0,0,0,0,0,0,0,-10.57
SSS039-3,-120.6115,46.0284,8.88,94.38,18.3,7.84,20.0,2.0,2.0,NaN,NaN,NaN,NaN,NaN,NaN,NaN,NaN,NaN,NaN,NaN,NaN,NaN,NaN,NaN,NaN,0,1,0,0,1,0,0,0,0,0,0,0,0,0,0,0,0,0,0,0,0,0,0,0,0,0,0,0,0,0,0,0,0,0,1,1,0,0,1,0,0,0,0,0,0,0,0,0,0,0,-7.19
SSS040-1,-120.9404,46.6833,10.21,94.49,11.9,7.42,12.0,NaN,2.0,NaN,NaN,NaN,NaN,NaN,NaN,NaN,NaN,NaN,NaN,NaN,NaN,NaN,NaN,NaN,NaN,0,1,0,0,0,0,0,0,0,0,0,0,0,0,0,0,0,0,0,0,0,0,0,1,0,0,0,0,0,0,0,0,1,0,0,1,0,0,1,0,0,0,0,0,0,0,0,0,0,0,-8.88
SSS040-2,-120.9404,46.6833,10.21,94.49,11.9,7.42,12.0,NaN,2.0,NaN,NaN,NaN,NaN,NaN,NaN,NaN,NaN,NaN,NaN,NaN,NaN,NaN,NaN,NaN,NaN,0,1,0,0,0,0,0,0,0,0,0,0,0,0,0,0,0,0,0,0,0,0,0,1,0,0,0,0,0,0,0,0,1,0,0,1,0,0,1,0,0,0,0,0,0,0,0,0,0,0,-6.06
SSS040-3,-120.9404,46.6833,10.21,94.49,11.9,7.42,12.0,NaN,2.0,NaN,NaN,NaN,NaN,NaN,NaN,NaN,NaN,NaN,NaN,NaN,NaN,NaN,NaN,NaN,NaN,0,1,0,0,0,0,0,0,0,0,0,0,0,0,0,0,0,0,0,0,0,0,0,1,0,0,0,0,0,0,0,0,1,0,0,1,0,0,1,0,0,0,0,0,0,0,0,0,0,0,-5.3
SSS041-1,-120.8135,46.7239,10.01,96.8,13.86,7.43,6.0,NaN,2.0,NaN,NaN,NaN,NaN,NaN,NaN,NaN,NaN,NaN,NaN,NaN,NaN,NaN,NaN,NaN,NaN,0,1,0,0,0,0,0,0,0,0,0,0,0,0,0,0,1,0,0,0,0,0,0,0,0,0,0,0,0,0,0,0,0,0,1,1,0,0,1,0,0,0,0,0,0,0,0,0,0,0,-13.24
SSS041-2,-120.8135,46.7239,10.01,96.8,13.86,7.43,6.0,NaN,2.0,NaN,NaN,NaN,NaN,NaN,NaN,NaN,NaN,NaN,NaN,NaN,NaN,NaN,NaN,NaN,NaN,0,1,0,0,0,0,0,0,0,0,0,0,0,0,0,0,1,0,0,0,0,0,0,0,0,0,0,0,0,0,0,0,0,0,1,1,0,0,1,0,0,0,0,0,0,0,0,0,0,0,-16.21
SSS041-3,-120.8135,46.7239,10.01,96.8,13.86,7.43,6.0,NaN,2.0,NaN,NaN,NaN,NaN,NaN,NaN,NaN,NaN,NaN,NaN,NaN,NaN,NaN,NaN,NaN,NaN,0,1,0,0,0,0,0,0,0,0,0,0,0,0,0,0,1,0,0,0,0,0,0,0,0,0,0,0,0,0,0,0,0,0,1,1,0,0,1,0,0,0,0,0,0,0,0,0,0,0,-9.74
SSS042-1,-120.8041,46.7298,9.93,100.42,15.94,8.09,20.0,NaN,2.0,NaN,NaN,NaN,NaN,NaN,NaN,NaN,NaN,NaN,NaN,NaN,NaN,NaN,NaN,NaN,NaN,0,1,0,0,0,0,0,0,0,0,0,0,0,0,1,0,0,0,0,0,0,0,0,0,0,0,0,0,0,0,0,0,0,0,1,1,0,0,1,0,0,0,0,0,0,0,0,0,0,0,-4.78
SSS042-2,-120.8041,46.7298,9.93,100.42,15.94,8.09,20.0,NaN,2.0,NaN,NaN,NaN,NaN,NaN,NaN,NaN,NaN,NaN,NaN,NaN,NaN,NaN,NaN,NaN,NaN,0,1,0,0,0,0,0,0,0,0,0,0,0,0,1,0,0,0,0,0,0,0,0,0,0,0,0,0,0,0,0,0,0,0,1,1,0,0,1,0,0,0,0,0,0,0,0,0,0,0,-5.63
SSS042-3,-120.8041,46.7298,9.93,100.42,15.94,8.09,20.0,NaN,2.0,NaN,NaN,NaN,NaN,NaN,NaN,NaN,NaN,NaN,NaN,NaN,NaN,NaN,NaN,NaN,NaN,0,1,0,0,0,0,0,0,0,0,0,0,0,0,1,0,0,0,0,0,0,0,0,0,0,0,0,0,0,0,0,0,0,0,1,1,0,0,1,0,0,0,0,0,0,0,0,0,0,0,-3.73
SSS043-1,-121.2466,46.9006,8.38,85.33,16.25,6.92,31.0,1.0,2.0,NaN,NaN,NaN,NaN,NaN,NaN,NaN,NaN,NaN,NaN,NaN,NaN,NaN,NaN,NaN,NaN,0,1,0,0,0,0,0,0,0,0,0,0,0,0,0,0,0,0,0,0,1,0,0,0,0,0,0,0,0,0,0,0,0,0,1,1,0,0,1,0,0,0,0,0,0,0,0,0,0,0,-6.86
SSS043-2,-121.2466,46.9006,8.38,85.33,16.25,6.92,31.0,1.0,2.0,NaN,NaN,NaN,NaN,NaN,NaN,NaN,NaN,NaN,NaN,NaN,NaN,NaN,NaN,NaN,NaN,0,1,0,0,0,0,0,0,0,0,0,0,0,0,0,0,0,0,0,0,1,0,0,0,0,0,0,0,0,0,0,0,0,0,1,1,0,0,1,0,0,0,0,0,0,0,0,0,0,0,-7.5
SSS043-3,-121.2466,46.9006,8.38,85.33,16.25,6.92,31.0,1.0,2.0,NaN,NaN,NaN,NaN,NaN,NaN,NaN,NaN,NaN,NaN,NaN,NaN,NaN,NaN,NaN,NaN,0,1,0,0,0,0,0,0,0,0,0,0,0,0,0,0,0,0,0,0,1,0,0,0,0,0,0,0,0,0,0,0,0,0,1,1,0,0,1,0,0,0,0,0,0,0,0,0,0,0,-4.79
SSS044-1,-121.158,46.9754,8.87,91.89,17.03,7.41,22.0,1.0,2.0,NaN,NaN,NaN,NaN,NaN,NaN,NaN,NaN,NaN,NaN,NaN,NaN,NaN,NaN,NaN,NaN,0,1,0,0,0,0,0,0,0,0,0,0,0,0,1,0,0,0,0,0,0,0,0,0,0,0,0,0,0,0,0,0,0,0,1,1,0,0,1,0,0,0,0,0,0,0,0,0,0,0,-8.09
SSS044-2,-121.158,46.9754,8.87,91.89,17.03,7.41,22.0,1.0,2.0,NaN,NaN,NaN,NaN,NaN,NaN,NaN,NaN,NaN,NaN,NaN,NaN,NaN,NaN,NaN,NaN,0,1,0,0,0,0,0,0,0,0,0,0,0,0,1,0,0,0,0,0,0,0,0,0,0,0,0,0,0,0,0,0,0,0,1,1,0,0,1,0,0,0,0,0,0,0,0,0,0,0,-7.1
SSS044-3,-121.158,46.9754,8.87,91.89,17.03,7.41,22.0,1.0,2.0,NaN,NaN,NaN,NaN,NaN,NaN,NaN,NaN,NaN,NaN,NaN,NaN,NaN,NaN,NaN,NaN,0,1,0,0,0,0,0,0,0,0,0,0,0,0,1,0,0,0,0,0,0,0,0,0,0,0,0,0,0,0,0,0,0,0,1,1,0,0,1,0,0,0,0,0,0,0,0,0,0,0,-6.14
SSS045-1,-121.1579,46.976,9.46,93.66,14.91,7.61,6.0,1.0,2.0,NaN,NaN,NaN,NaN,NaN,NaN,NaN,NaN,NaN,NaN,NaN,NaN,NaN,NaN,NaN,NaN,0,1,0,0,0,0,0,0,0,0,0,0,0,0,0,1,0,0,0,0,0,0,0,0,0,0,0,0,0,0,0,0,0,0,1,1,0,0,1,0,0,0,0,0,0,0,0,0,0,0,-6.33
SSS045-2,-121.1579,46.976,9.46,93.66,14.91,7.61,6.0,1.0,2.0,NaN,NaN,NaN,NaN,NaN,NaN,NaN,NaN,NaN,NaN,NaN,NaN,NaN,NaN,NaN,NaN,0,1,0,0,0,0,0,0,0,0,0,0,0,0,0,1,0,0,0,0,0,0,0,0,0,0,0,0,0,0,0,0,0,0,1,1,0,0,1,0,0,0,0,0,0,0,0,0,0,0,-8.59
SSS045-3,-121.1579,46.976,9.46,93.66,14.91,7.61,6.0,1.0,2.0,NaN,NaN,NaN,NaN,NaN,NaN,NaN,NaN,NaN,NaN,NaN,NaN,NaN,NaN,NaN,NaN,0,1,0,0,0,0,0,0,0,0,0,0,0,0,0,1,0,0,0,0,0,0,0,0,0,0,0,0,0,0,0,0,0,0,1,1,0,0,1,0,0,0,0,0,0,0,0,0,0,0,-6.95
SSS046-1,-120.8346,47.1683,8.71,91.29,17.61,6.94,5.0,1.0,2.0,NaN,NaN,NaN,NaN,NaN,NaN,NaN,NaN,NaN,NaN,NaN,NaN,NaN,NaN,NaN,NaN,0,1,0,0,1,0,0,0,0,0,0,0,0,0,0,0,0,0,0,0,0,0,0,0,0,0,0,0,0,0,0,0,0,0,1,1,0,0,1,0,0,0,0,0,0,0,0,0,0,0,-20.56
SSS046-2,-120.8346,47.1683,8.71,91.29,17.61,6.94,5.0,1.0,2.0,NaN,NaN,NaN,NaN,NaN,NaN,NaN,NaN,NaN,NaN,NaN,NaN,NaN,NaN,NaN,NaN,0,1,0,0,1,0,0,0,0,0,0,0,0,0,0,0,0,0,0,0,0,0,0,0,0,0,0,0,0,0,0,0,0,0,1,1,0,0,1,0,0,0,0,0,0,0,0,0,0,0,-49.41
SSS046-3,-120.8346,47.1683,8.71,91.29,17.61,6.94,5.0,1.0,2.0,NaN,NaN,NaN,NaN,NaN,NaN,NaN,NaN,NaN,NaN,NaN,NaN,NaN,NaN,NaN,NaN,0,1,0,0,1,0,0,0,0,0,0,0,0,0,0,0,0,0,0,0,0,0,0,0,0,0,0,0,0,0,0,0,0,0,1,1,0,0,1,0,0,0,0,0,0,0,0,0,0,0,-23.47
SSS047-1,-120.9213,47.1857,9.39,90.71,13.78,7.55,30.0,1.0,2.0,NaN,NaN,NaN,NaN,NaN,NaN,NaN,NaN,NaN,NaN,NaN,NaN,NaN,NaN,NaN,NaN,0,1,0,0,0,0,0,0,0,1,0,0,0,0,0,0,0,0,0,0,0,0,0,0,0,0,0,0,0,0,0,0,0,1,0,1,0,0,1,0,0,0,0,0,0,0,0,0,0,0,-55.84
SSS047-2,-120.9213,47.1857,9.39,90.71,13.78,7.55,30.0,1.0,2.0,NaN,NaN,NaN,NaN,NaN,NaN,NaN,NaN,NaN,NaN,NaN,NaN,NaN,NaN,NaN,NaN,0,1,0,0,0,0,0,0,0,1,0,0,0,0,0,0,0,0,0,0,0,0,0,0,0,0,0,0,0,0,0,0,0,1,0,1,0,0,1,0,0,0,0,0,0,0,0,0,0,0,-139.47
SSS047-3,-120.9213,47.1857,9.39,90.71,13.78,7.55,30.0,1.0,2.0,NaN,NaN,NaN,NaN,NaN,NaN,NaN,NaN,NaN,NaN,NaN,NaN,NaN,NaN,NaN,NaN,0,1,0,0,0,0,0,0,0,1,0,0,0,0,0,0,0,0,0,0,0,0,0,0,0,0,0,0,0,0,0,0,0,1,0,1,0,0,1,0,0,0,0,0,0,0,0,0,0,0,-57.78
SSS048-1,-120.7334,47.0822,8.56,97.34,21.68,7.58,15.0,2.0,3.0,NaN,NaN,NaN,NaN,NaN,NaN,NaN,NaN,NaN,NaN,NaN,NaN,NaN,NaN,NaN,NaN,0,1,0,0,1,0,0,0,0,0,0,0,0,0,0,0,0,0,0,0,0,0,0,0,0,0,0,0,0,0,0,0,0,0,1,1,0,0,1,0,0,0,0,0,0,0,0,0,0,0,-10.77
SSS048-2,-120.7334,47.0822,8.56,97.34,21.68,7.58,15.0,2.0,3.0,NaN,NaN,NaN,NaN,NaN,NaN,NaN,NaN,NaN,NaN,NaN,NaN,NaN,NaN,NaN,NaN,0,1,0,0,1,0,0,0,0,0,0,0,0,0,0,0,0,0,0,0,0,0,0,0,0,0,0,0,0,0,0,0,0,0,1,1,0,0,1,0,0,0,0,0,0,0,0,0,0,0,-10.1
SSS048-3,-120.7334,47.0822,8.56,97.34,21.68,7.58,15.0,2.0,3.0,NaN,NaN,NaN,NaN,NaN,NaN,NaN,NaN,NaN,NaN,NaN,NaN,NaN,NaN,NaN,NaN,0,1,0,0,1,0,0,0,0,0,0,0,0,0,0,0,0,0,0,0,0,0,0,0,0,0,0,0,0,0,0,0,0,0,1,1,0,0,1,0,0,0,0,0,0,0,0,0,0,0,-8.33
