WH_ID,lon,lat,WH_SO,RA_cms_cyr,RA_cms_cmn,RA_cms_cmx,RA_SO,RA_dm,RA_lm,my_lm,RA_xam2,run_mm_cyr,dor_pc_pva,gwt_cm_cav,ele_mt_cav,slp_dg_cav,sgr_dk_rav,tmp_dc_cyr,tmp_dc_cdi,tmp_dc_uyr,pre_mm_cyr,pre_mm_cdi,pre_mm_uyr,aet_mm_cyr,aet_mm_cdi,aet_mm_uyr,cmi_ix_cyr,cmi_ix_cdi,cmi_ix_uyr,snw_pc_cyr,snw_pc_cmx,snw_pc_uyr,for_pc_cse,for_pc_use,crp_pc_cse,crp_pc_use,pst_pc_cse,pst_pc_use,ire_pc_cse,ire_pc_use,gla_pc_cse,gla_pc_use,prm_pc_cse,prm_pc_use,pac_pc_cse,pac_pc_use,cly_pc_cav,cly_pc_uav,slt_pc_cav,slt_pc_uav,snd_pc_cav,snd_pc_uav,soc_th_cav,soc_th_uav,swc_pc_cyr,swc_pc_cdi,swc_pc_uyr,kar_pc_cse,kar_pc_use,ero_kh_cav,ero_kh_uav,pop_ct_csu,pop_ct_usu,ppd_pk_cav,ppd_pk_uav,urb_pc_cse,urb_pc_use,nli_ix_cav,nli_ix_uav,rdd_mk_cav,rdd_mk_uav,hft_ix_c09,hft_ix_u09,gdp_md_cav,gdp_md_usu,hdi_ix_cav,dist_m
S19S_0001,-121.45047,49.38609,9 ,2776.552,967.051,5803.053,7,6.68333,1.32,1319.46471474,2263.17,1160,298,429,104,71,0,96,185,20,1716,213,599,623,96,431,53,164,-12,26,52,46,67,73,0,1,0,2,0,0,0,1,0,3,0,13,9,14,43,38,48,47,100,85,85,45,71,0,8,2067,1109,0.704,368.769,483.425,1.852,0,0,3517,100,316,16,322,13,0.041007,15406.1,923, 57.3131639482
S19S_0003,-120.36647,50.6888,7 ,707.925,210.964,1591.420,6,4.24002,4.25,4256.93946078,709.47,243,7,491,479,69,2,80,252,27,306,21,677,270,45,463,-65,161,-2,13,61,47,28,71,3,1,25,4,0,1,0,1,0,3,1,17,21,12,45,37,33,49,29,82,35,27,76,0,1,397,1192,17.512,158.966,934.908,4.654,51,0,6022,200,185,23,367,22,0.041007,6746.72,923, 89.5390302146
S19S_0004,-119.72196,50.7751,6 ,257.211,68.720,619.784,5,3.0459,10.99,11007.6684388,308.947,334,20,359,577,105,4,66,244,32,458,27,684,393,66,473,-46,162,-3,29,87,46,72,75,5,1,35,4,24,1,0,0,0,2,0,5,18,11,42,35,40,52,49,82,52,40,75,0,0,714,951,1.077,55.604,25.614,4.073,0,0,1426,200,143,23,155,23,0.041007,2395.44,923, 175.774063778
S19S_0005,-97.40781,49.86887, ,55.165,44.176,66.297,7,1.41408,20.28,20320.5054035,41.1032,62,1009,2,237,1,1,22,380,23,515,65,420,444,85,367,-34,152,-46,35,100,34,0,10,60,66,4,17,1,0,0,0,0,0,4,6,19,20,40,41,41,39,41,23,61,24,50,100,2,630,874,34.801,671.026,307.921,4.633,17,0,5071,800,537,121,324,46,0.039159,31372.8,898, 13.296301279
S19S_0006,-76.717163,39.311369,2 ,0.355,0.199,0.717,1,0.175158,4.67,4677.82798905,0.892291,557,0,168,128,20,96,124,247,124,1119,31,1119,853,103,853,1,115,1,2,19,2,0,0,0,0,0,0,0,0,0,0,0,0,6,6,19,19,37,37,45,45,27,27,82,39,82,0,0,428,428,30.792,30.792,1529.110,1529.199,100,100,6300,6300,9656,9656,365,365,0.064307,2057.21,953, 110.977588088
S19S_0007,-119.195598,37.05255,1 ,1.244,0.206,3.237,2,0.33367,7.50,7498.54647476,2.72987,260,0,494,2007,112,273,79,155,58,877,158,818,563,77,531,-12,177,-8,33,90,41,99,96,0,0,5,8,0,0,0,0,0,0,0,9,11,12,27,27,61,61,54,46,64,75,66,0,0,1205,2141,0.006,0.006,0.147,0.049,0,0,0,0,5,10,3,3,0.055768,0.327264,951, 3505.97670458
S19S_0008,-119.027785,36.961112,1 ,0.118,0.019,0.288,1,0.129239,0.93,927.173167514,1.36882,344,0,458,2186,118,2539,69,153,69,832,149,832,542,73,542,-11,176,-11,32,85,32,100,100,1,1,1,1,0,0,0,0,0,0,0,0,13,13,30,30,57,57,49,49,65,73,65,100,100,3376,3376,0.000,0.000,0.000,0.000,0,0,0,0,0,0,0,0,0.055768,0,951, 1999.70712708
S19S_0009,-108.3983,42.9877,6 ,17.517,6.923,50.657,5,1.25247,4.80,4804.81515492,32.7156,112,48,150,1525,10,12,73,301,39,212,38,315,187,35,274,-81,93,-63,16,61,30,0,33,8,3,71,60,13,4,0,0,0,3,0,9,16,15,37,36,47,49,14,26,17,11,33,31,26,307,1643,0.572,17.100,28.397,3.471,0,0,2357,300,353,82,238,42,0.058978,994.888,891, 373.155288792
S19S_0010,-81.840062,31.667875,7 ,406.642,163.223,901.220,6,3.48063,11.09,11087.9994323,426.351,342,130,55,26,6,5,191,174,175,1258,104,1203,1065,82,986,-14,90,-15,0,2,0,69,67,6,17,0,4,1,3,0,0,0,0,27,2,18,19,30,33,52,48,44,28,75,27,72,100,45,1148,1169,3.303,2866.802,63.860,81.779,0,7,2810,1700,925,831,207,136,0.04558,148582,921, 96.8058339706
S19S_0011,-83.437674,33.955686,5 ,16.429,5.617,34.330,4,1.05507,10.46,10455.0674717,22.5297,436,0,140,215,25,17,162,207,156,1259,53,1344,980,100,998,-6,113,2,0,1,0,31,87,8,22,3,9,1,1,0,0,0,0,0,1,19,20,34,35,48,45,32,29,77,44,80,0,10,596,1267,29.903,192.422,820.398,187.446,86,20,6264,3800,5276,1854,385,262,0.04558,10313.1,921, 95.5308276101
S19S_0012,-72.33027,42.47179,2 ,0.398,0.243,0.857,1,0.186982,5.58,5584.67337173,0.800538,690,0,548,279,54,176,72,269,72,1178,24,1178,779,112,779,20,123,20,27,91,27,83,83,4,4,1,1,0,0,0,0,0,0,0,0,6,6,32,32,61,61,74,74,88,31,88,0,0,132,132,0.256,0.256,14.043,14.041,0,0,781,800,158,158,79,79,0.067299,13.1113,954, 125.1501476
S19S_0013,-78.1476,38.8952,1 ,0.124,0.049,0.313,1,0.133117,0.54,541.887438097,2.27778,379,0,456,378,81,0,109,241,109,1028,39,1028,831,99,831,-6,104,-6,3,11,3,100,100,15,15,7,7,0,0,0,0,0,0,1,1,23,23,43,43,34,34,41,41,82,38,82,100,100,3851,3851,0.994,0.994,96.147,96.152,0,0,1773,1800,476,476,172,172,0.058068,42.5811,950, 1770.62806064
S19S_0014,-77.9808,39.0941,2 ,0.179,0.075,0.456,1,0.149345,2.41,2413.01585502,1.04108,380,0,118,174,15,151,117,247,117,972,35,972,819,102,819,-14,107,-14,4,23,4,22,22,43,43,19,19,0,0,0,0,0,0,0,0,24,24,42,42,35,35,27,27,77,44,77,100,100,4076,4076,0.891,0.891,59.988,59.976,0,0,2453,2500,831,830,230,230,0.058068,35.0938,950, 229.967427019
S19S_0015,-84.439009,31.184396,7 ,203.459,61.609,445.696,5,2.73729,6.10,6102.60695785,226.428,496,37,48,52,9,10,193,173,178,1336,92,1243,1107,96,1015,-11,102,-12,0,0,0,10,52,27,26,4,4,23,8,0,0,0,0,0,0,19,20,34,34,48,47,32,28,75,42,74,100,60,2283,2196,0.029,776.403,1.525,51.802,0,5,318,1300,177,581,87,123,0.04558,37019.5,921, 185.785899317
S19S_0016,-96.6025,39.10445,2 ,0.117,0.054,0.249,1,0.127298,4.86,4861.27799243,0.376132,173,0,326,379,30,60,121,291,121,866,117,866,735,100,735,-25,63,-25,2,12,2,0,0,33,33,14,14,2,2,0,0,0,0,79,79,25,25,49,49,25,25,25,25,65,14,65,100,100,2184,2184,0.028,0.028,1.287,1.286,0,0,690,700,343,343,63,63,0.051129,1.29663,934, 133.15805287
S19S_0017,-96.44355,38.94668,3 ,0.154,0.074,0.317,1,0.131399,4.79,4796.27351119,0.496242,186,0,182,421,16,63,120,288,120,880,115,880,746,100,746,-23,70,-23,4,17,4,0,0,28,28,53,53,0,0,0,0,0,0,0,0,23,23,49,49,28,28,20,20,67,15,67,100,100,1683,1683,0.022,0.022,0.863,0.863,0,0,0,0,14,14,44,44,0.051129,1.26485,934, 70.904624227
S19S_0018,-83.504941,35.6922935,2 ,0.398,0.192,0.768,1,0.190027,5.47,5471.80845863,0.776782,818,0,463,936,163,663,109,205,109,1527,61,1527,988,101,988,24,91,24,7,21,7,100,100,0,0,0,0,0,0,0,0,0,0,96,96,19,19,38,38,43,43,64,64,90,21,90,0,0,794,794,0.326,0.326,21.214,21.208,0,0,1711,1700,342,342,111,111,0.045808,30.754,810, 10.3598302005
S19S_0019,-84.278999,35.9563807,1 ,0.158,0.065,0.311,1,0.15438,1.75,1752.65647234,0.725143,757,0,299,294,49,46,138,226,138,1360,65,1360,972,104,972,9,114,9,0,2,0,95,95,8,8,4,4,0,0,0,0,0,0,0,0,24,24,40,40,36,36,40,40,83,37,82,0,0,482,482,0.002,0.002,1.882,1.883,0,0,3434,3400,437,437,215,215,0.045808,0,810, 1482.06747975
S19S_0020,-88.15755,31.85294,7 ,959.230,277.315,1895.726,6,4.56186,2.00,1994.67625622,829.438,589,91,18,24,14,5,181,191,165,1497,93,1439,1126,100,1053,0,107,4,1,3,0,100,76,3,13,1,7,0,0,0,0,0,0,1,1,18,22,36,37,46,41,52,31,79,41,80,100,26,499,1111,0.002,1382.273,1.041,29.781,0,2,535,1000,53,365,53,91,0.043949,58036.9,803, 144.650717675
S19S_0021,-87.79835,32.54069,6 ,323.820,99.069,683.490,5,3.18825,4.74,4734.62663915,332.264,546,230,21,32,7,6,175,202,162,1384,80,1446,1049,102,1050,-2,114,6,0,1,0,70,80,19,11,20,7,0,0,0,0,0,0,0,1,19,22,37,37,44,41,40,32,77,44,81,89,14,287,1144,0.042,895.308,3.870,55.960,0,4,750,1400,535,614,74,113,0.043949,37905.4,803, 40.7507677418
S19S_0022,-87.40811,32.96161,7 ,0.421,0.113,0.953,1,0.179513,5.29,5281.94707867,0.919282,559,0,158,124,43,40,171,204,171,1428,75,1428,1049,99,1049,4,109,4,1,5,1,100,100,0,0,0,0,0,0,0,0,0,0,10,10,19,19,32,32,48,48,40,40,80,41,80,0,0,264,264,0.001,0.001,0.033,0.033,0,0,9,0,0,0,37,37,0.043949,0.158817,803, 47.6525620244
S19S_0023,-102.44896,39.75841,4 ,0.010,0.000,0.272,3,0.169118,9.66,9671.39493059,0.311801,14,0,383,1221,16,34,101,262,93,428,70,399,366,59,343,-65,76,-67,6,26,7,0,0,15,50,60,37,6,5,0,0,0,0,64,2,18,21,34,38,47,41,15,19,29,8,28,0,0,895,558,0.005,1.104,0.121,0.392,0,0,68,0,137,68,30,28,0.055481,52.2801,951, 222.738152046
S19S_0024,-96.6227,34.44205,4 ,1.953,0.756,2.878,3,0.416338,10.10,10095.9681335,2.40693,209,0,79,318,10,24,161,241,159,1007,102,1001,853,91,847,-24,86,-24,0,1,0,0,0,30,31,49,52,0,0,0,0,0,0,0,0,27,28,45,46,28,27,17,16,67,29,67,100,87,1317,1250,0.117,1.364,3.523,4.286,0,0,202,200,85,67,75,69,0.046422,58.6822,809, 19.9395958035
S19S_0025,-97.78275,33.37853,3 ,0.241,0.088,0.391,2,0.198648,5.94,5944.7118036,0.395623,132,0,101,274,14,35,178,233,178,837,86,834,708,71,705,-43,74,-43,0,0,0,0,0,39,37,53,55,1,1,0,0,0,0,0,0,20,20,37,37,43,43,9,9,51,24,51,0,0,1485,1830,0.033,0.499,2.443,8.242,0,0,2464,1500,313,242,64,99,0.049515,27.2641,908, 212.548106484
S19S_0026,-105.54327,40.03489,1 ,0.102,0.036,0.351,1,0.138413,6.96,6966.3586424,0.441092,108,0,823,3409,157,402,-16,205,-16,762,36,762,526,86,526,13,129,13,51,99,51,100,100,0,0,20,20,0,0,1,1,16,16,22,22,10,10,34,34,57,57,65,65,85,32,85,0,0,6196,6195,0.004,0.004,0.117,0.117,0,0,507,500,68,68,45,45,0.055481,0.786075,951, 1972.79906055
S19S_0027,-105.91125,39.89064,1 ,0.361,0.109,1.188,1,0.181828,9.50,9495.61384347,1.09537,168,0,603,3323,179,260,-11,214,-11,708,31,708,514,82,514,2,140,2,55,95,55,100,100,0,0,13,13,0,0,0,0,13,13,100,100,10,10,35,35,55,55,74,74,80,37,80,0,0,2714,2715,0.002,0.002,0.028,0.028,0,0,63,100,0,0,30,30,0.055481,0.065611,951, 1824.01935499
S19S_0028,-111.507871,33.750675,4 ,0.244,0.042,0.867,2,0.263146,2.73,2731.85294326,0.857875,26,0,627,789,91,40,188,210,156,450,50,571,381,38,483,-72,103,-61,0,0,0,22,80,3,2,52,32,0,0,0,0,0,0,0,4,20,22,33,33,46,45,11,22,27,31,37,0,0,5471,6518,0.002,0.042,0.161,0.154,0,0,445,200,29,89,67,43,0.045307,2.16318,932, 15.0791745485
S19S_0029,-111.80126,40.78319,3 ,0.242,0.063,0.744,1,0.196017,11.24,11253.3768125,0.691815,220,0,541,1815,143,424,74,246,74,618,43,618,515,82,515,-41,154,-41,19,74,19,60,60,12,12,8,8,1,1,0,0,0,0,50,50,22,22,43,43,36,36,27,27,54,52,54,0,0,1911,1910,26.326,26.326,754.728,755.148,33,33,4370,4400,3924,3926,241,241,0.042655,1208.71,925, 75.1294538995
S19S_0030,-121.929131,45.792348,2 ,0.437,0.095,0.804,1,0.196746,4.16,4162.70905683,0.770433,1486,0,590,570,159,336,85,162,85,2437,404,2437,659,97,659,64,183,64,27,64,27,100,100,0,0,0,0,0,0,0,0,0,0,0,0,20,20,48,48,31,31,90,90,84,52,84,0,0,763,763,0.056,0.056,6.006,6.005,0,0,290,300,27,26,42,42,0.055867,4.65961,948, 155.94063523
S19S_0031,-122.1650676,44.2602628,1 ,0.592,0.149,1.026,1,0.207804,5.50,5500.36566989,0.881091,1348,0,561,1053,151,710,68,166,68,1892,298,1892,651,97,651,52,181,52,27,60,27,100,100,0,0,0,0,0,0,0,0,0,0,95,95,10,10,39,39,51,51,106,106,81,56,81,0,0,790,790,0.000,0.000,0.001,0.001,0,0,0,0,20,20,13,13,0.047639,0.002294,928, 21.462575721
S19S_0032,-119.02313,39.95545,1 ,0.033,0.000,0.137,2,0.0981287,17.28,16000.7266325,0.151736,29,0,1262,1526,35,83,94,231,87,174,11,193,152,22,169,-86,96,-84,5,39,6,5,3,0,1,76,91,0,0,0,0,0,0,0,0,15,15,31,30,54,56,9,11,14,15,16,0,0,1217,813,0.000,0.000,0.000,0.000,0,0,0,0,0,0,13,25,0.048454,0,905, 1013.53421729
S19S_0033,-119.2554,37.0576,2 ,0.749,0.120,2.082,2,0.265042,12.97,12500.4150826,1.66893,253,0,475,1369,128,503,116,174,110,833,155,854,596,88,593,-30,174,-26,16,48,18,100,100,0,1,5,6,0,0,0,0,0,0,0,0,13,13,30,30,57,57,48,49,57,83,59,0,0,420,732,0.002,0.009,0.030,0.100,0,0,0,0,0,23,6,5,0.055768,2.39998,951, 136.579735276
S19S_0034,-106.5233,35.8677,1 ,0.020,0.006,0.049,1,0.0680952,2.13,2132.70394539,0.134272,34,0,676,2852,109,67,38,193,38,667,66,667,562,62,562,-30,123,-30,31,87,31,90,90,1,1,14,14,0,0,0,0,0,0,100,100,10,10,35,35,55,55,73,73,64,33,64,0,0,1064,1064,0.000,0.000,0.000,0.000,0,0,53,100,2,2,23,23,0.043737,0,889, 1601.23324398
S19S_0035,-110.757838,32.42735,1 ,0.016,0.004,0.049,1,0.0669014,3.65,3652.02496279,0.10411,16,0,792,2177,176,1918,115,168,115,691,109,691,587,46,587,-40,138,-40,4,18,4,100,100,0,0,16,16,0,0,0,0,0,0,87,87,15,15,33,33,52,52,38,38,55,38,55,0,0,9330,9330,0.022,0.022,0.673,0.672,0,0,544,500,15,15,57,57,0.045307,0.944388,932, 3032.10181176
S19S_0036,-119.271902,46.372515,8 ,3512.290,876.474,9102.739,7,7.80822,6.12,6124.34212425,3398.66,23,627,385,146,28,3,118,229,38,189,24,624,166,29,441,-83,148,-19,1,10,38,30,67,43,7,12,9,6,2,0,1,0,3,3,12,12,12,31,39,57,48,13,62,18,23,64,0,18,487,1903,0.059,1876.080,3.373,7.938,0,0,3297,300,308,91,151,35,0.055867,94978.4,948, 564.780272056
S19S_0037,-75.7830393,39.8577967,2 ,0.318,0.164,0.799,1,0.169029,2.79,2788.65753663,1.29104,590,0,178,133,24,74,113,249,113,1137,40,1137,838,103,838,9,112,9,7,38,7,81,81,47,47,20,20,0,0,0,0,0,0,0,0,19,19,36,36,45,45,36,36,86,33,86,35,35,5326,5326,0.590,0.590,34.917,34.921,0,0,3110,3100,808,808,243,244,0.053263,27.6851,943, 16.4659755128
S19S_0038,-75.7839486,39.8594333,2 ,0.318,0.164,0.799,1,0.169029,2.79,2788.65753663,1.29104,590,0,178,133,24,74,113,249,113,1137,40,1137,838,103,838,9,112,9,7,38,7,81,81,47,47,20,20,0,0,0,0,0,0,0,0,19,19,36,36,45,45,36,36,86,33,86,35,35,5326,5326,0.590,0.590,34.917,34.921,0,0,3110,3100,808,808,243,244,0.053263,27.6851,943, 32.8825160069
S19S_0039,-84.359197,35.966194,3 ,1.125,0.457,2.218,2,0.343469,6.05,6049.02229445,1.82975,752,0,251,278,49,33,138,226,138,1359,64,1358,974,104,972,8,114,9,0,2,0,100,61,8,8,2,2,0,0,0,0,0,0,0,0,24,24,40,40,37,37,40,34,82,38,83,72,29,521,1509,1.543,14.379,106.758,304.801,8,39,2776,4800,477,1047,221,286,0.045808,642.352,810, 178.465817736
S19S_0040,-96.584725,39.087889,1 ,0.117,0.054,0.249,1,0.127298,4.86,4861.27799243,0.376132,173,0,326,379,30,60,121,291,121,866,117,866,735,100,735,-25,63,-25,2,12,2,0,0,33,33,14,14,2,2,0,0,0,0,79,79,25,25,49,49,25,25,25,25,65,14,65,100,100,2184,2184,0.028,0.028,1.287,1.286,0,0,690,700,343,343,63,63,0.051129,1.29663,934, 1845.7028283
S19S_0041,-120.858196,44.299994,6 ,15.751,0.770,85.626,5,1.56466,1.47,1472.60724818,51.5061,131,495,452,915,47,14,83,184,62,252,22,346,218,33,299,-78,133,-66,2,12,17,37,25,10,3,49,67,27,3,0,0,0,0,0,2,16,19,37,39,47,42,26,28,22,24,33,0,3,800,610,1.533,10.577,523.931,1.356,21,0,4621,0,2054,44,298,32,0.047639,616.266,928, 8.51042297788
S19S_0042,-80.96434,25.40976,1 ,2.656,0.096,4.495,3,0.508092,17.94,13764.3735977,4.59521,432,0,2,4,0,1,237,92,236,1313,195,1436,1100,74,1162,-12,100,-4,0,0,0,0,0,0,16,0,2,0,15,0,0,0,0,100,76,18,24,29,27,54,49,333,364,74,49,78,100,100,463,2489,0.000,8.891,0.000,16.996,0,1,27,1300,0,342,6,59,0.050123,331.211,892, 376.855444241
S19S_0043,-89.472992,43.14501,3 ,0.136,0.063,0.344,1,0.138754,2.67,2672.14571475,0.642322,301,0,63,276,14,4,77,307,77,801,74,801,677,104,677,-16,114,-16,18,79,18,0,0,45,45,3,3,1,1,0,0,0,0,2,2,18,18,46,46,36,36,23,23,76,30,76,100,100,5053,5053,0.448,0.448,31.533,31.535,0,0,4615,4600,3082,3081,278,278,0.050142,10.6907,945, 867.050472139
S19S_0044,-79.811134,33.131027,3 ,2.583,1.919,3.814,3,0.469602,1.21,1208.00577835,3.21736,385,0,20,10,4,8,180,190,180,1271,101,1278,1067,83,1070,-4,94,-4,1,5,1,100,100,1,0,0,0,0,0,0,0,0,0,0,0,19,17,35,33,46,50,43,47,83,28,83,100,100,67,77,0.008,0.352,2.632,1.685,0,0,547,200,228,95,93,46,0.042583,18.2082,865, 35.274215093
S19S_0045,13.631299,52.475193, ,0.779,0.499,1.230,2,0.278333,5.57,5579.83413085,1.15081,127,0,46,49,7,18,90,196,88,551,37,561,468,80,476,-26,142,-23,14,45,15,26,6,16,47,8,13,0,1,0,0,0,0,30,11,13,15,28,32,59,53,57,38,67,37,70,0,0,30,188,35.191,69.273,1722.393,363.713,63,20,5786,3300,4553,2237,356,246,0.037768,3230.37,929, 210.808092875
S19S_0046,7.21246,61.67559, ,0.199,0.042,0.665,1,0.162764,0.99,992.598690468,1.55859,1437,0,242,1073,243,1535,12,146,12,1421,103,1421,378,77,378,72,96,72,88,100,88,7,7,0,0,0,0,0,0,6,6,0,0,98,98,6,4,41,39,52,46,110,109,99,6,99,0,0,49,49,0.009,0.009,2.237,2.237,0,0,0,0,53,53,14,14,0.06189,0,955, 167.08365071
S19S_0047,-149.40333,68.64278, ,0.448,0.306,0.690,2,0.173638,18.66,17560.4982906,0.652304,121,0,104,897,83,80,-119,396,-121,228,38,230,216,65,216,-37,181,-35,68,100,67,0,0,0,0,0,0,0,0,0,0,99,100,100,100,16,16,42,42,42,42,146,139,66,27,67,0,0,212,692,0.000,0.000,0.000,0.000,0,0,0,0,79,52,14,11,0.058023,0,948, 120.101272498
S19S_0048,-66.98618,18.10996, ,0.303,0.117,0.607,1,0.180454,5.74,5729.7205059,0.58223,595,0,395,329,127,261,236,32,236,2023,227,2023,1376,56,1376,16,97,16,0,0,0,49,49,8,8,19,19,7,7,0,0,0,0,44,44,29,29,27,27,44,44,28,28,85,32,85,100,100,8536,8537,1.491,1.491,94.702,94.711,16,16,2826,2800,1187,1187,251,251,0.034887,65.9428,832, 23.399714975
S19S_0049,-66.80038,18.17443, ,0.347,0.133,0.700,1,0.177405,5.17,5157.45651136,0.695551,608,0,446,771,133,255,207,34,207,2528,277,2528,1392,53,1392,43,84,43,0,0,0,23,23,10,10,22,22,4,4,0,0,0,0,21,21,30,30,29,29,40,40,34,34,96,15,96,100,100,2678,2678,0.578,0.578,33.673,33.671,0,0,1005,1000,447,447,141,141,0.034887,31.2527,832, 72.4918807889
S19S_0050,-149.14198,68.66953, ,0.323,0.229,0.485,1,0.134025,21.35,21423.8411154,0.447775,115,0,109,856,81,126,-118,394,-118,225,36,225,214,64,214,-38,182,-38,66,100,66,0,0,0,0,0,0,0,0,0,0,99,99,91,91,16,16,43,43,41,41,127,127,65,27,65,0,0,216,216,0.001,0.001,0.005,0.005,0,0,0,0,76,76,28,28,0.058023,0.050729,948, 837.438036772
S19S_0051,-147.50267,65.1531, ,0.242,0.129,0.470,1,0.119861,4.69,4704.65995971,0.662687,236,0,310,493,111,281,-49,396,-49,303,45,303,272,69,272,-41,182,-41,54,100,54,90,90,0,0,0,0,0,0,0,0,50,50,0,0,12,12,41,41,47,47,112,112,60,30,60,0,0,22,22,0.038,0.038,1.156,1.156,0,0,15,0,1,1,16,16,0.058023,2.34274,948, 507.831163799
S19S_0052,-74.69563,42.13187,2 ,2.006,0.923,7.205,2,0.600553,2.32,2315.50934798,5.61983,681,0,594,509,116,108,65,259,57,1088,47,1129,759,110,747,17,115,24,19,71,11,100,60,4,12,4,7,0,0,0,0,0,0,0,0,18,18,39,40,44,42,75,76,89,28,92,0,0,584,829,0.055,0.609,11.976,6.545,0,0,852,600,204,102,103,55,0.063747,29.618,952, 155.807837638
S19S_0053,-73.00222222,41.869567,1 ,0.220,0.139,0.446,1,0.141786,0.69,694.625248949,2.00145,887,0,620,260,51,0,82,262,82,1243,24,1243,804,112,804,23,122,23,22,81,22,100,100,1,1,1,1,0,0,0,0,0,0,0,0,6,6,33,33,61,61,70,70,89,30,89,0,0,194,194,0.680,0.680,86.677,86.673,0,0,3118,3100,885,885,251,251,0.071149,64.0662,955, 2044.93542389
S19S_0054,-77.0237,37.57261,5 ,48.614,21.453,101.427,4,1.57104,6.44,6439.74532676,59.9266,406,245,30,12,8,3,143,228,135,1104,41,1086,896,97,881,-9,107,-9,2,8,2,95,94,15,18,0,3,1,1,0,0,0,0,0,0,17,19,35,36,48,45,26,31,78,40,79,0,14,1115,856,0.295,117.476,10.835,33.766,0,1,621,1300,165,329,69,101,0.058068,7655.27,950, 77.2109346177
S19S_0055,-117.180863,46.732428,4 ,3.197,0.892,8.585,2,0.705442,0.64,636.635534673,6.48125,187,0,49,743,46,16,87,203,79,526,50,597,450,75,502,-46,172,-37,8,49,11,0,13,81,83,1,3,1,0,0,0,0,0,0,0,17,22,44,48,38,30,38,20,52,57,59,0,0,1,2927,1.918,50.231,2168.388,130.824,100,7,6233,2400,2161,585,438,199,0.055867,2433.12,948, 131.060065522
S19S_0056,128.9646,35.1632, ,0.402,0.126,1.013,1,0.180663,3.74,3745.63156545,1.29652,628,0,426,125,98,23,139,238,139,1452,227,1452,942,92,942,34,63,34,2,7,2,9,9,19,18,0,0,14,14,0,0,0,0,0,0,16,16,39,39,46,46,37,37,98,6,98,0,0,3171,3195,166.374,165.952,8167.526,8203.544,99,99,6300,6300,7061,7074,421,420,0.033742,5621.1,901, 153.23291389
S19S_0057,-81.718207,33.337475,2 ,0.635,0.358,1.149,2,0.240231,7.11,7105.31679663,0.994374,417,0,143,92,19,45,172,198,172,1186,58,1193,1002,94,1008,-17,100,-16,1,8,1,100,90,2,3,0,0,0,0,0,0,0,0,0,0,16,16,32,32,52,53,24,24,72,38,73,0,0,424,537,0.000,0.245,0.000,5.078,0,0,2969,2500,158,363,123,125,0.042583,18.8598,865, 50.6129755812
S19S_0058,35.6136003,32.89919667, ,10.935,1.343,33.101,3,1.03865,13.08,6580.62752258,22.6566,177,0,380,65,63,203,211,162,167,471,123,718,396,68,516,-68,158,-38,0,0,0,5,16,77,56,22,8,4,8,0,0,0,0,0,2,34,28,39,37,27,36,11,19,32,63,50,100,99,4948,7499,9.598,174.916,166.004,108.464,0,6,2358,2400,1093,896,192,199,0.031671,4212.52,899, 161.806202613
S19S_0059,-117.3915976,48.16874998,1 ,0.239,0.101,0.584,1,0.152503,4.31,4316.4404449,0.826914,361,0,371,934,108,196,65,232,65,630,62,630,514,90,514,-30,176,-30,37,97,37,94,94,0,0,1,1,0,0,0,0,0,0,0,0,6,6,40,40,54,54,92,92,64,67,64,0,0,406,406,0.014,0.014,0.687,0.687,0,0,481,500,0,0,23,23,0.055867,0.430145,948, 1630.43952123
S19S_0060,-119.4768203,46.2531882,7 ,0.062,0.005,0.234,2,0.162217,5.52,5530.88597463,0.246558,24,0,1021,263,73,62,111,220,107,209,27,224,185,32,197,-81,153,-79,1,8,2,53,16,45,60,9,7,34,26,0,0,0,0,0,0,16,16,38,37,46,47,17,17,20,25,22,0,0,837,748,0.294,0.867,17.348,10.139,0,0,1470,1400,246,256,150,106,0.055867,99.6699,948, 301.893220802
S19S_0061,-89.6407,43.1095,1 ,0.240,0.105,0.617,1,0.144244,3.48,3482.47468411,0.943391,308,0,221,316,45,30,75,308,75,820,75,820,693,107,693,-13,112,-13,18,82,18,74,74,32,32,5,5,1,1,0,0,0,0,9,9,18,18,44,44,38,38,36,36,78,31,78,100,100,5148,5148,1.147,1.147,46.660,46.658,0,0,3717,3700,811,811,320,320,0.050142,70.4327,945, 140.282734899
S19S_0062,-106.950417,38.544583,5 ,18.016,2.930,76.705,4,1.50254,4.08,4078.97722484,46.4461,201,231,70,2351,16,42,31,281,-3,309,24,564,268,39,456,-71,144,-26,25,100,47,100,87,7,2,44,19,22,3,0,0,0,9,0,21,13,11,33,35,54,55,20,58,29,20,65,0,16,448,2980,2.922,9.741,434.211,3.702,34,0,5198,200,1227,64,320,26,0.055481,449.898,951, 800.586235569
S19S_0063,-97.709399,30.250335,6 ,98.731,53.987,164.191,6,1.89367,7.86,7867.02824835,91.9757,193,3746,157,165,13,11,201,196,174,813,73,559,688,59,473,-45,81,-63,0,3,0,51,9,11,21,10,65,0,4,0,0,0,0,0,0,37,24,34,35,29,41,11,12,49,26,32,100,37,534,1190,77.855,1241.871,1911.477,12.972,96,1,6299,500,7615,222,369,61,0.049515,61859.3,908, 267.392429929
S19S_0064,-78.00803,40.61043,4 ,2.428,0.957,7.824,2,0.485342,7.81,7818.6965997,5.89309,495,0,354,289,64,13,98,252,95,975,40,986,772,106,769,-5,117,-3,5,28,8,85,91,26,22,2,2,0,0,0,0,0,0,0,0,19,19,41,42,40,40,38,39,81,41,82,51,36,2600,1589,0.430,1.220,11.971,8.032,0,0,697,700,170,195,85,69,0.053263,84.0968,943, 1.46842824519
S19S_0065,-122.888357,38.509458,5 ,70.257,10.726,183.010,4,2.03786,2.57,2565.22272093,101.401,695,337,199,47,53,8,139,110,132,1035,227,1126,630,88,634,-19,182,-12,1,6,3,100,89,29,10,14,24,19,6,0,0,0,0,0,2,18,20,37,38,44,42,57,41,59,86,60,0,0,733,2648,0.029,72.180,9.878,26.642,0,1,1289,700,654,386,95,76,0.055768,3929.94,951, 621.056656869
S19S_0066,-106.643178,35.19845,7 ,67.129,16.792,168.115,6,1.99947,2.26,2257.11458734,94.1168,20,1571,25,1525,4,13,135,239,52,221,31,446,189,18,366,-85,92,-54,0,3,21,36,59,2,6,3,38,3,7,0,0,0,1,0,14,19,14,35,33,46,53,11,37,15,9,41,0,13,205,1285,1.321,440.349,363.601,9.946,80,1,6300,300,7178,165,348,48,0.043737,20547.7,889, 290.636533414
S19S_0067,-85.35412,42.3921,3 ,0.679,0.416,1.270,2,0.302339,9.69,9693.92900584,1.10702,257,0,99,275,21,21,88,277,87,907,58,906,736,108,734,-8,127,-8,12,68,14,72,50,16,32,6,7,4,3,0,0,0,0,0,0,18,18,45,45,36,37,32,31,81,41,82,0,0,922,2009,0.588,2.162,27.266,27.169,0,0,2079,1500,584,356,152,109,0.045537,98.2738,944, 31.7814493364
S19S_0068,-122.258091,44.207316,3 ,2.651,0.662,4.519,2,0.441918,7.12,7129.61639605,3.46334,1363,0,679,736,178,212,84,165,71,1892,295,1863,690,102,658,48,182,50,22,53,27,100,100,0,0,2,1,0,0,0,0,0,0,95,97,11,10,40,40,50,50,107,106,80,60,81,0,0,1052,1002,0.004,0.007,0.237,0.115,0,0,11,0,106,87,14,14,0.047639,0.097942,928, 81.9084864942
S19S_0069,-123.735151,39.362202,1 ,0.309,0.027,0.847,1,0.19709,3.41,3414.80191105,0.992962,878,0,420,204,125,132,112,82,112,1167,209,1167,614,71,614,14,182,14,12,33,12,100,100,0,0,0,0,0,0,0,0,0,0,0,0,15,15,31,31,54,54,84,84,68,74,68,0,0,119,119,0.004,0.004,0.357,0.357,0,0,6,0,313,313,49,49,0.055768,0.506405,951, 22.9419418676
S19S_0070,-123.752414,39.339914,1 ,0.186,0.016,0.512,1,0.168109,1.59,1587.13222836,1.1239,863,0,435,179,85,43,111,79,111,1162,208,1162,611,70,611,14,182,14,12,31,12,100,100,0,0,2,2,0,0,0,0,0,0,10,10,14,14,31,31,55,55,84,84,69,74,69,0,0,87,87,0.068,0.068,9.990,9.991,0,0,234,200,466,465,44,44,0.055768,1.32186,951, 0.00160728214609
S19S_0071,-105.458575,40.012917,1 ,0.349,0.114,1.151,2,0.260894,9.89,3173.30417985,1.03276,92,0,559,2529,98,267,38,208,12,487,33,621,420,62,487,-48,100,-20,27,72,40,100,100,0,0,7,11,0,0,0,0,0,5,0,17,9,9,28,31,63,60,66,67,46,20,66,0,0,452,2264,0.703,0.754,20.428,6.973,0,0,1083,700,208,149,90,65,0.055481,23.5507,951, 2317.70438415
S19S_0072,-71.1848201,42.5235645,1 ,0.179,0.102,0.372,1,0.151134,0.69,694.695476683,1.93188,796,0,128,49,20,0,92,257,92,1114,28,1114,757,103,757,13,130,13,12,55,12,40,40,0,0,0,0,0,0,0,0,0,0,0,0,4,4,26,26,70,70,68,68,84,39,84,0,0,383,383,4.628,4.628,671.113,671.137,92,92,6300,6300,7981,7981,337,337,0.067299,330.339,954, 1779.17271376
S19S_0073,-70.9164986,42.7688065,1 ,1.982,1.127,4.171,2,0.361289,12.93,12940.8745064,2.8959,794,0,66,24,13,22,91,259,91,1145,41,1142,749,103,750,16,132,16,14,58,16,100,100,10,6,2,2,1,1,0,0,0,0,11,7,6,6,32,30,62,64,85,83,85,39,85,0,0,266,270,7.117,13.868,158.890,179.954,0,0,4323,4700,3405,2958,302,310,0.067299,850.477,954, 1628.8068729
S19S_0074,-119.272998,46.376172,8 ,3512.290,876.474,9102.739,7,7.80822,6.12,6124.34212425,3398.66,23,627,385,146,28,3,118,229,38,189,24,624,166,29,441,-83,148,-19,1,10,38,30,67,43,7,12,9,6,2,0,1,0,3,3,12,12,12,31,39,57,48,13,62,18,23,64,0,18,487,1903,0.059,1876.080,3.373,7.938,0,0,3297,300,308,91,151,35,0.055867,94978.4,948, 649.315387921
S19S_0075,-119.465555,46.694742,8 ,3512.441,875.353,9097.761,7,7.80147,1.76,1761.72026429,3394,51,627,63,120,7,6,118,239,38,177,24,627,157,28,443,-84,151,-19,4,32,39,58,67,2,7,28,9,0,2,0,1,0,3,1,12,14,12,34,39,52,48,11,62,16,22,64,0,18,84,1914,0.000,1862.892,0.003,7.938,0,0,755,300,125,90,61,34,0.055867,94034,948, 261.883304575
S19S_0076,-119.462605,46.679191,8 ,3512.542,875.560,9098.128,7,7.79044,3.39,3396.14952271,3399.23,49,627,166,130,12,3,117,239,38,178,23,626,157,28,442,-84,150,-19,3,30,39,25,67,2,7,28,9,0,2,0,1,0,3,17,12,13,12,32,39,55,48,11,62,16,22,64,0,18,190,1913,0.000,1862.940,0.003,7.934,0,0,646,300,95,90,70,34,0.055867,94035.2,948, 541.141824005
S19S_0077,-105.223141,40.66403,6 ,2.766,0.754,10.295,4,0.715861,6.17,6168.56587654,7.68071,74,362,773,1766,130,83,79,231,32,375,53,481,325,50,405,-66,77,-43,7,39,29,100,78,11,2,28,30,1,0,0,0,0,2,8,24,15,11,33,32,53,57,37,54,30,10,50,7,0,2104,908,0.073,3.276,3.873,1.206,0,0,668,100,200,98,61,34,0.055481,176.872,951, 64.2954309651
S19S_0078,-123.5855556,43.43138889,2 ,2.414,0.364,5.535,3,0.542682,5.13,5139.34207033,4.32242,1030,0,442,211,126,70,116,136,108,1307,226,1441,640,90,647,18,186,29,19,57,20,100,100,0,0,5,3,0,0,0,0,0,0,0,0,16,16,36,37,48,48,60,62,71,73,74,0,0,1644,1044,0.003,0.003,0.428,0.054,0,0,162,0,198,172,39,29,0.047639,0.022805,928, 447.584661674
S19S_0079,-123.5721,43.6369,6 ,259.283,32.063,517.927,6,2.84801,9.03,9045.44469724,259.03,1103,10,411,117,81,11,119,136,93,1411,244,1254,649,92,630,25,186,15,15,49,20,54,88,11,4,70,24,0,2,0,0,0,0,0,3,18,16,38,37,44,47,48,59,72,72,72,0,2,1775,1704,0.259,101.046,10.613,9.939,0,1,459,300,298,146,91,46,0.047639,5065.83,928, 150.431618363
S19S_0080,-106.681374,34.950811,7 ,67.856,17.060,174.520,6,2.01581,7.76,7756.8671787,97.4214,14,1554,258,1527,10,6,132,237,54,221,31,441,187,18,363,-85,93,-54,1,6,20,35,58,13,6,49,38,19,6,0,0,0,1,0,14,19,14,36,33,45,53,11,36,15,10,40,0,13,645,1268,1.322,1045.942,60.092,23.027,7,2,3235,400,1353,265,258,53,0.043737,49933,889, 11.3426946875
S19S_0081,-76.9261495,38.960004,4 ,3.157,1.842,6.025,3,0.516599,4.79,4786.29423595,4.77557,483,0,123,31,20,36,129,244,127,1057,35,1074,847,100,850,-7,112,-4,2,15,2,0,24,0,4,0,2,0,0,0,0,0,0,8,4,15,17,34,36,51,47,25,26,80,39,81,0,0,190,1776,41.594,234.249,2600.230,1183.483,100,76,6300,6200,9830,5977,417,367,0.064307,15500.4,953, 81.0983622373
S19S_0082,-76.5465418,38.8748619,3 ,0.455,0.264,0.833,1,0.171086,5.72,5724.77387299,0.897902,503,0,96,31,16,35,131,239,131,1072,40,1072,844,98,844,-2,110,-2,3,22,3,100,100,13,14,1,1,0,0,0,0,0,0,11,11,18,18,35,35,46,46,34,34,82,36,82,0,0,1272,1286,1.645,1.641,57.396,57.782,0,0,3032,3000,2822,2794,254,254,0.064307,111.949,953, 708.606575678
S19S_0083,-88.3227,40.31083,5 ,7.164,2.294,25.724,4,1.03364,2.09,2091.51073944,17.4679,338,0,2,217,3,5,106,284,105,932,64,931,786,111,785,-12,112,-12,7,28,8,0,2,92,89,1,1,1,1,0,0,0,0,1,0,27,27,52,54,20,19,25,25,78,38,78,0,0,8200,8379,0.025,7.809,10.092,11.890,0,0,1927,1100,268,377,231,109,0.055147,441.764,950, 549.842072654
S19S_0084,-71.722778,43.954722,1 ,0.856,0.493,2.080,1,0.252647,9.85,9860.56229911,1.56487,787,0,405,582,111,361,44,275,44,1206,38,1206,719,112,719,31,116,31,29,85,29,100,100,0,0,1,1,0,0,0,0,0,0,91,91,8,8,36,36,56,56,101,101,92,22,92,0,0,227,227,0.094,0.094,2.816,2.816,0,0,269,300,326,326,48,48,0.057322,1.2309,951, 1261.81558334
S19S_0085,-115.9902503,43.6479639,5 ,6.484,1.431,17.313,3,0.826142,6.66,6657.65965472,12.3797,157,0,718,1196,153,62,78,240,50,511,66,594,435,75,500,-52,175,-40,17,78,36,42,58,1,0,27,5,0,0,0,0,0,0,0,0,17,17,39,41,44,42,28,40,47,60,58,0,0,2751,1385,0.605,3.058,24.197,2.961,0,0,755,300,153,47,63,26,0.041841,118.408,884, 54.204282993
S19S_0086,-111.8064,40.7797,3 ,0.242,0.063,0.744,1,0.196017,11.24,11253.3768125,0.691815,220,0,541,1815,143,424,74,246,74,618,43,618,515,82,515,-41,154,-41,19,74,19,60,60,12,12,8,8,1,1,0,0,0,0,50,50,22,22,43,43,36,36,27,27,54,52,54,0,0,1911,1910,26.326,26.326,754.728,755.148,33,33,4370,4400,3924,3926,241,241,0.042655,1208.71,925, 94.2056124782
S19S_0087,-116.7743431,43.1233451,2 ,0.049,0.003,0.274,1,0.120973,1.77,1773.67218129,0.772316,106,0,829,1868,104,653,45,219,45,448,40,448,383,63,383,-54,164,-54,31,84,31,99,99,2,2,94,94,0,0,0,0,0,0,0,0,20,20,44,44,36,36,32,32,44,45,44,0,0,1583,1583,0.000,0.000,0.002,0.002,0,0,0,0,0,0,20,20,0.041841,0.001502,884, 47.599972297
S19S_0089,-80.44539,37.21008,1 ,0.431,0.192,1.137,1,0.218843,8.90,8899.41869344,0.994382,465,0,255,635,33,49,111,220,111,989,31,989,834,99,834,-14,106,-14,3,13,3,59,59,26,26,21,21,0,0,0,0,0,0,0,0,23,23,37,37,40,40,36,36,77,42,77,80,80,2067,2067,26.258,26.258,861.629,861.451,35,35,5284,5300,2254,2253,297,297,0.058068,1856.19,950, 90.3574809353
S19S_0090,-75.930606,37.291383,1 ,0.176,0.096,0.322,1,0.120339,0.55,553.53855815,2.71091,457,0,15,9,6,0,147,220,147,1058,36,1058,826,85,826,-2,110,-2,1,4,1,40,41,100,100,0,0,10,10,0,0,0,0,0,0,18,18,33,33,49,48,33,33,81,36,81,0,0,1894,1915,0.376,0.374,25.496,25.809,0,0,1007,1000,550,543,122,123,0.058068,32.7047,950, 5853.20173136
S19S_0091,-144.837472,60.520868, ,0.177,0.024,0.624,1,0.224262,2.17,2173.20965312,0.805069,2403,0,22,16,33,24,35,185,35,1916,142,1916,517,99,517,73,90,73,54,100,54,0,0,0,0,0,0,0,0,0,0,0,0,47,47,12,12,40,38,48,48,81,81,100,1,100,0,0,559,559,0.000,0.000,0.000,0.000,0,0,0,0,434,433,49,49,0.058023,0,948, 949.323243494
S19S_0092,-1.704013,52.419447, ,1.400,0.596,2.175,2,0.343692,3.48,3486.14215211,1.92586,392,0,43,104,12,17,92,128,91,660,20,674,510,80,513,-2,143,1,9,33,8,0,0,54,49,13,14,0,0,0,0,0,0,1,2,19,19,36,36,45,45,32,36,81,39,82,0,0,264,163,2.679,75.629,237.318,671.963,9,32,4606,4900,2279,3249,402,383,0.032896,3211.53,880, 1269.97525389
S19S_0093,-2.304833,52.800556, ,0.261,0.122,0.401,1,0.127804,2.52,2525.49778377,0.755159,505,0,84,99,16,35,91,127,91,713,23,713,509,80,509,10,137,10,12,44,12,0,0,25,25,43,43,3,3,0,0,0,0,2,2,18,18,35,35,47,47,40,40,85,34,85,0,0,221,221,0.677,0.677,41.292,41.290,0,0,1598,1600,445,445,199,199,0.032896,23.3739,894, 1191.09112407
S19S_0094,-65.7852826,18.2754452, ,0.167,0.068,0.297,1,0.156552,2.06,2056.28432734,0.550971,824,0,277,667,104,1384,209,35,209,3013,188,3013,1353,49,1353,55,51,55,0,0,0,10,10,6,6,19,19,1,1,0,0,0,0,95,95,28,28,29,29,43,43,42,42,100,0,100,0,0,876,876,0.111,0.111,18.766,18.766,0,0,1048,1000,405,405,163,163,0.034887,0,832, 818.347655331
S19S_0096,7.805425,45.2473368, ,0.198,0.112,0.373,1,0.166486,3.91,3909.06805323,0.550128,701,0,11,236,7,41,120,211,120,846,68,846,712,105,712,-8,130,-8,2,15,2,0,0,73,73,4,4,45,45,0,0,0,0,0,0,20,20,41,41,39,39,22,22,81,41,81,0,0,1039,1038,1.326,1.326,148.449,148.439,4,4,2876,2900,1141,1141,294,294,0.03664,55.9574,894, 64.9501149975
S19S_0097,-111.8865,41.720847,5 ,5.563,1.166,23.128,4,0.93274,4.62,4624.25528412,15.9838,136,0,37,1354,3,22,89,272,34,464,33,497,397,65,424,-58,152,-45,18,84,40,26,89,38,9,3,16,51,2,0,0,0,0,0,21,21,22,41,42,38,36,25,32,40,38,51,100,62,238,1658,4.649,41.306,299.058,29.680,23,3,5253,500,2635,302,320,46,0.042655,2559.59,925, 210.280829788
S19S_0098,-111.580533,41.950204,3 ,0.217,0.038,1.063,2,0.21507,6.93,6933.16609206,1.06883,81,0,794,2441,130,335,20,233,16,518,21,537,441,74,456,-38,157,-34,50,100,53,100,96,8,6,16,19,0,0,0,0,0,0,33,36,22,21,42,41,36,38,34,34,57,45,60,100,100,1564,1667,0.000,0.000,0.000,0.005,0,0,272,100,70,28,17,21,0.042588,0.023142,922, 59.5904904427
S19S_0099,-84.7119066,39.2385932,7 ,122.403,56.057,391.445,5,2.62123,7.60,7598.66899371,201.742,429,43,301,195,40,11,117,259,104,1054,48,971,839,111,793,-6,116,-8,2,16,10,85,5,14,61,3,3,1,1,0,0,0,0,2,0,23,24,42,49,35,27,37,25,80,42,80,100,73,4761,5099,1.387,1331.516,73.109,135.141,5,10,4064,2800,1249,1245,342,232,0.047436,59623.4,925, 115.053090242
S19S_0100,-106.950961,38.92352,2 ,0.834,0.151,3.385,2,0.329494,12.47,12473.784932,2.50489,207,0,489,3083,157,123,-2,239,-10,571,26,624,470,74,483,-27,155,-13,49,100,55,97,93,1,1,23,24,1,0,0,0,7,17,10,44,13,13,39,38,48,49,47,49,65,41,72,0,0,3098,6689,0.150,0.180,2.720,1.433,0,0,566,300,110,93,30,29,0.055481,9.64689,951, 66.9242171113
